model_display,scale_pair,cka_1024,cka_fullpatch,delta_full_minus_1024,abs_delta
Phikon,40×–10×,0.8181552198571218,0.8141743897552222,-0.003980830101899646,0.003980830101899646
Phikon,40×–2.5×,0.60848505186363,0.6054063141345978,-0.0030787377290322215,0.0030787377290322215
Phikon,10×–2.5×,0.7213834091811113,0.7210359069663035,-0.0003475022148078377,0.0003475022148078377
UNI,40×–10×,0.7628857980311756,0.7555390315156587,-0.0073467665155169115,0.0073467665155169115
UNI,40×–2.5×,0.5411543613168556,0.5317627604998333,-0.009391600817022283,0.009391600817022283
UNI,10×–2.5×,0.6812933872283344,0.6762502785299865,-0.005043108698347898,0.005043108698347898
Virchow,40×–10×,0.6801735817546576,0.6781063243536882,-0.002067257400969358,0.002067257400969358
Virchow,40×–2.5×,0.4539428502321243,0.4492031541508688,-0.004739696081255462,0.004739696081255462
Virchow,10×–2.5×,0.5534473439337502,0.5495684778606388,-0.0038788660731113866,0.0038788660731113866
Virchow2,40×–10×,0.4560510679869584,0.4515239741180984,-0.004527093868859966,0.004527093868859966
Virchow2,40×–2.5×,0.3051576353084873,0.3016159320381326,-0.0035417032703546902,0.0035417032703546902
Virchow2,10×–2.5×,0.4939543543986871,0.4909494638862744,-0.0030048905124127057,0.0030048905124127057
UNI2,40×–10×,0.7437543440872515,0.7407809907281903,-0.002973353359061237,0.002973353359061237
UNI2,40×–2.5×,0.5792910555298899,0.5750295427483572,-0.00426151278153275,0.00426151278153275
UNI2,10×–2.5×,0.7439248788524682,0.7409598088600267,-0.0029650699924415047,0.0029650699924415047
Midnight,40×–10×,0.7488694342089371,0.7478900749078938,-0.0009793593010433144,0.0009793593010433144
Midnight,40×–2.5×,0.570528978613061,0.5685225747210879,-0.002006403891973041,0.002006403891973041
Midnight,10×–2.5×,0.7539857991144691,0.7534005201198686,-0.0005852789946004799,0.0005852789946004799
GigaPath,40×–10×,0.6781557546535009,0.6714488557526763,-0.006706898900824543,0.006706898900824543
GigaPath,40×–2.5×,0.4662834368121456,0.4591121751237923,-0.007171261688353303,0.007171261688353303
GigaPath,10×–2.5×,0.6371126158136717,0.6346967535119661,-0.0024158623017056513,0.0024158623017056513
GigaPath-Flash,40×–10×,0.6931187321602459,0.689974308853418,-0.003144423306827848,0.003144423306827848
GigaPath-Flash,40×–2.5×,0.4539871864335638,0.4495803170220953,-0.004406869411468506,0.004406869411468506
GigaPath-Flash,10×–2.5×,0.6322746045992408,0.6294910122810955,-0.0027835923181452893,0.0027835923181452893
