model,model_display,scale_pair,n_cases,mean_cka,std_cka,median_cka,ci95_low,ci95_high,mean_n_patches
phikon,Phikon,40×–10×,71,0.8141743897552222,0.10942642311038425,0.8410390615463257,0.7878697866810039,0.8374537161328424,17038.535211267605
phikon,Phikon,40×–2.5×,71,0.6054063141345978,0.1594149484125428,0.6409501433372498,0.5672213609579584,0.6395927535081414,17038.535211267605
phikon,Phikon,10×–2.5×,71,0.7210359069663035,0.11084297697555612,0.7325704097747803,0.6946387368818404,0.7445178950126742,17038.535211267605
uni,UNI,40×–10×,71,0.7555390315156587,0.09315624017078682,0.7577146291732788,0.7343748006917222,0.7760426471036085,17038.535211267605
uni,UNI,40×–2.5×,71,0.5317627604998333,0.15330440733487075,0.551000714302063,0.4956196810368081,0.5656403878782417,17038.535211267605
uni,UNI,10×–2.5×,71,0.6762502785299865,0.11776293666884916,0.6973918676376343,0.6484965032360084,0.7015742542878003,17038.535211267605
virchow,Virchow,40×–10×,71,0.6781063243536882,0.14817379188167942,0.7072934508323669,0.6424501878484874,0.7098963732870531,17038.535211267605
virchow,Virchow,40×–2.5×,71,0.4492031541508688,0.17036319429589117,0.45516330003738403,0.40931431798552964,0.48716554570365955,17038.535211267605
virchow,Virchow,10×–2.5×,71,0.5495684778606388,0.13981438213089797,0.5598633289337158,0.5173227136298805,0.5802997599185353,17038.535211267605
virchow2,Virchow2,40×–10×,71,0.4515239741180984,0.11722808775681806,0.4383983314037323,0.4251497289559371,0.4786326572246534,17038.535211267605
virchow2,Virchow2,40×–2.5×,71,0.3016159320381326,0.13193887514154506,0.28719449043273926,0.2714200435573576,0.33229852496108536,17038.535211267605
virchow2,Virchow2,10×–2.5×,71,0.4909494638862744,0.1484804947599143,0.48400062322616577,0.4547978153688387,0.5251252130513461,17038.535211267605
uni2,UNI2,40×–10×,71,0.7407809907281903,0.11236456527035554,0.7626584768295288,0.7145460285456249,0.7650674978192423,17038.535211267605
uni2,UNI2,40×–2.5×,71,0.5750295427483572,0.1667743195827113,0.5797188878059387,0.5348471753718987,0.611321368330801,17038.535211267605
uni2,UNI2,10×–2.5×,71,0.7409598088600267,0.1293804560287664,0.7831599712371826,0.7088798874280823,0.7693945193794411,17038.535211267605
midnight,Midnight,40×–10×,71,0.7478900749078938,0.14403627136953356,0.7849103808403015,0.7121016234264407,0.779424376460448,17038.535211267605
midnight,Midnight,40×–2.5×,71,0.5685225747210879,0.2108284049442061,0.6086083650588989,0.5163433618922258,0.6140891553939017,17038.535211267605
midnight,Midnight,10×–2.5×,71,0.7534005201198686,0.18677138277188074,0.8230672478675842,0.7059954919760496,0.7931953134251313,17038.535211267605
gigapath,GigaPath,40×–10×,71,0.6714488557526763,0.09613120783649634,0.686324417591095,0.649503339207928,0.6937053415242215,17038.535211267605
gigapath,GigaPath,40×–2.5×,71,0.4591121751237923,0.14456527366466035,0.44835802912712097,0.4266710014253015,0.49166998031063813,17038.535211267605
gigapath,GigaPath,10×–2.5×,71,0.6346967535119661,0.11987701232708038,0.6493123173713684,0.6070177944718113,0.661564998737943,17038.535211267605
gigapath_flash,GigaPath-Flash,40×–10×,71,0.689974308853418,0.10527011476742008,0.7019153237342834,0.6648233480016951,0.713468430212266,17038.535211267605
gigapath_flash,GigaPath-Flash,40×–2.5×,71,0.4495803170220953,0.1452554070665697,0.44427478313446045,0.41592472402877373,0.4827107749826891,17038.535211267605
gigapath_flash,GigaPath-Flash,10×–2.5×,71,0.6294910122810955,0.11821180480056234,0.6473852396011353,0.6030489758496553,0.6563815536003716,17038.535211267605
