model_a,model_a_display,model_b,model_b_display,n_pairs,mean_a,mean_b,median_a,median_b,mean_paired_difference_a_minus_b,median_paired_difference_a_minus_b,rank_biserial_a_minus_b,wilcoxon_statistic,p_raw,p_holm,significance_holm,significant_holm_0p05
phikon,Phikon,gigapath_flash,GigaPath-Flash,71,0.7742286121192566,0.6636992411159329,0.8067683997923378,0.6902145753895453,0.11052937100332381,0.11138070589334659,0.9835680751173709,21.0,5.916024565271141e-13,1.6564868782759196e-11,****,True
phikon,Phikon,gigapath,GigaPath,71,0.7742286121192566,0.6849516572211419,0.8067683997923378,0.68823752052218,0.08927695489811471,0.08856117212653825,0.9710485133020345,37.0,1.154338775535363e-12,3.11671469394548e-11,****,True
uni2,UNI2,gigapath_flash,GigaPath-Flash,71,0.7579727251116983,0.6636992411159329,0.7734920444390129,0.6902145753895453,0.09427348399576549,0.08508588442517917,0.9546165884194053,58.0,2.7410415190409665e-12,7.126707949506513e-11,****,True
phikon,Phikon,virchow2,Virchow2,71,0.7742286121192566,0.6139823885087656,0.8067683997923378,0.634879717758468,0.16024622361049123,0.16908963121588672,0.94679186228482,68.0,4.117129669189098e-12,1.0292824172972745e-10,****,True
virchow2,Virchow2,uni2,UNI2,71,0.6139823885087656,0.7579727251116983,0.634879717758468,0.7734920444390129,-0.14399033660293284,-0.15744894832617562,-0.9413145539906104,75.0,5.463075039945792e-12,1.3111380095869902e-10,****,True
uni,UNI,virchow2,Virchow2,71,0.7263673479429824,0.6139823885087656,0.7671917899314074,0.634879717758468,0.11238495943421699,0.12694130750766897,0.9100156494522692,115.0,2.668382027579734e-11,6.137278663433387e-10,****,True
uni2,UNI2,gigapath,GigaPath,71,0.7579727251116983,0.6849516572211419,0.7734920444390129,0.68823752052218,0.07302106789055639,0.06457342314745862,0.9100156494522692,115.0,2.668382027579734e-11,6.137278663433387e-10,****,True
uni,UNI,gigapath_flash,GigaPath-Flash,71,0.7263673479429824,0.6636992411159329,0.7671917899314074,0.6902145753895453,0.0626681068270496,0.06500873187601408,0.8990610328638498,129.0,4.592490290171945e-11,9.644229609361083e-10,****,True
virchow2,Virchow2,midnight,Midnight,71,0.6139823885087656,0.7242090195675429,0.634879717758468,0.7693092451839126,-0.11022663105877735,-0.11559447225119951,-0.877151799687011,157.0,1.334863704500218e-10,2.669727409000436e-09,****,True
phikon,Phikon,uni,UNI,71,0.7742286121192566,0.7263673479429824,0.8067683997923378,0.7671917899314074,0.047861264176274246,0.04251144217049274,0.823943661971831,225.0,1.6042896641564823e-09,3.048150361897316e-08,****,True
uni,UNI,gigapath,GigaPath,71,0.7263673479429824,0.6849516572211419,0.7671917899314074,0.68823752052218,0.041415690721840495,0.03436744640834022,0.810641627543036,242.0,2.9186414359176246e-09,5.253554584651724e-08,****,True
virchow2,Virchow2,gigapath,GigaPath,71,0.6139823885087656,0.6849516572211419,0.634879717758468,0.68823752052218,-0.07096926871237647,-0.06737830093936792,-0.7949921752738655,262.0,5.831719419823243e-09,9.913923013699514e-08,****,True
virchow,Virchow,virchow2,Virchow2,71,0.7091105494801638,0.6139823885087656,0.730753822132362,0.634879717758468,0.09512816097139838,0.085972978424528,0.7566510172143975,311.0,3.011767692432463e-08,4.818828307891941e-07,****,True
uni,UNI,uni2,UNI2,71,0.7263673479429824,0.7579727251116983,0.7671917899314074,0.7734920444390129,-0.03160537716871589,-0.029914942796224087,-0.6854460093896714,402.0,5.185033688586858e-07,7.777550532880287e-06,****,True
midnight,Midnight,gigapath_flash,GigaPath-Flash,71,0.7242090195675429,0.6636992411159329,0.7693092451839126,0.6902145753895453,0.060509778451609944,0.07686303591529298,0.6854460093896714,402.0,5.185033688586858e-07,7.777550532880287e-06,****,True
phikon,Phikon,virchow,Virchow,71,0.7742286121192566,0.7091105494801638,0.8067683997923378,0.730753822132362,0.06511806263909284,0.06513779143987886,0.6517996870109546,445.0,1.8154393981784453e-06,2.360071217631979e-05,****,True
virchow2,Virchow2,gigapath_flash,GigaPath-Flash,71,0.6139823885087656,0.6636992411159329,0.634879717758468,0.6902145753895453,-0.049716852607167406,-0.05007612260680927,-0.6267605633802817,477.0,4.440993810167109e-06,5.3291925722005306e-05,****,True
midnight,Midnight,gigapath,GigaPath,71,0.7242090195675429,0.6849516572211419,0.7693092451839126,0.68823752052218,0.03925736234640087,0.04215993698653364,0.5477308294209703,578.0,6.049154884460707e-05,0.0006654070372906778,***,True
virchow,Virchow,uni2,UNI2,71,0.7091105494801638,0.7579727251116983,0.730753822132362,0.7734920444390129,-0.04886217563153449,-0.06414117079186277,-0.539906103286385,588.0,7.698833950679166e-05,0.0007698833950679166,***,True
phikon,Phikon,midnight,Midnight,71,0.7742286121192566,0.7242090195675429,0.8067683997923378,0.7693092451839126,0.05001959255171388,0.0227781969494969,0.5078247261345853,629.0,0.00020027967254378337,0.0018025170528940503,**,True
gigapath,GigaPath,gigapath_flash,GigaPath-Flash,71,0.6849516572211419,0.6636992411159329,0.68823752052218,0.6902145753895453,0.02125241610520909,0.013539951971391462,0.49921752738654146,640.0,0.0002565458919683655,0.002052367135746924,**,True
uni2,UNI2,midnight,Midnight,71,0.7579727251116983,0.7242090195675429,0.7734920444390129,0.7693092451839126,0.03376370554415554,0.017477591740108434,0.48982785602503914,652.0,0.00033466178309531303,0.0023426324816671912,**,True
virchow,Virchow,gigapath_flash,GigaPath-Flash,71,0.7091105494801638,0.6636992411159329,0.730753822132362,0.6902145753895453,0.04541130836423097,0.052737709099122454,0.4139280125195618,749.0,0.0024367812486040426,0.014620687491624255,*,True
phikon,Phikon,uni2,UNI2,71,0.7742286121192566,0.7579727251116983,0.8067683997923378,0.7734920444390129,0.016255887007558343,0.014968540603485958,0.2949921752738654,901.0,0.03076120554420868,0.1538060277210434,ns,False
uni,UNI,virchow,Virchow,71,0.7263673479429824,0.7091105494801638,0.7671917899314074,0.730753822132362,0.017256798462818614,0.015157552892932968,0.25586854460093894,951.0,0.060977810087654544,0.24391124035061817,ns,False
virchow,Virchow,gigapath,GigaPath,71,0.7091105494801638,0.6849516572211419,0.730753822132362,0.68823752052218,0.024158892259021885,0.01967038878415317,0.2190923317683881,998.0,0.10863603670794571,0.32590811012383714,ns,False
virchow,Virchow,midnight,Midnight,71,0.7091105494801638,0.7242090195675429,0.730753822132362,0.7693092451839126,-0.015098470087378963,-0.038529456281454766,-0.20735524256651017,1013.0,0.1289119547231242,0.32590811012383714,ns,False
uni,UNI,midnight,Midnight,71,0.7263673479429824,0.7242090195675429,0.7671917899314074,0.7693092451839126,0.002158328375439642,-0.0070654290726197555,-0.11658841940532082,1129.0,0.39324599541650096,0.39324599541650096,ns,False
