model,model_display,scale_pair,n_cases,mean_retrieval_similarity,std_retrieval_similarity,median_retrieval_similarity,q1,q3,ci95_low,ci95_high
phikon,Phikon,40× ↔ 10×,71,0.6513942354161975,0.07914093291956009,0.6486719846725464,0.6069354265928268,0.7140612751245499,0.6334219337086862,0.6698446351719994
phikon,Phikon,10× ↔ 2.5×,71,0.5265772402496405,0.08255331526714452,0.5099772959947586,0.4789365828037262,0.5664927214384079,0.5074036884554465,0.5454828319100427
phikon,Phikon,40× ↔ 2.5×,71,0.3059443452093803,0.094232673114285,0.2880493029952049,0.23003054037690163,0.36671214550733566,0.28461614597693713,0.32810823286188323
uni,UNI,40× ↔ 10×,71,0.4157362941285254,0.06252711497578148,0.4145241975784302,0.36666397005319595,0.4570363685488701,0.40146404793879514,0.4303465594393267
uni,UNI,10× ↔ 2.5×,71,0.3621234415282666,0.07323133353981243,0.3420202136039734,0.3146898150444031,0.40206415951251984,0.3456779900623459,0.3791300450097507
uni,UNI,40× ↔ 2.5×,71,0.21536306328546834,0.0698762092508928,0.21252275258302689,0.15808391943573952,0.2669113613665104,0.19968134417972513,0.2318788945005918
virchow,Virchow,40× ↔ 10×,71,0.7134223727273269,0.0927040441479275,0.7216257154941559,0.6426720172166824,0.7672993242740631,0.6910130452102339,0.7336972913062069
virchow,Virchow,10× ↔ 2.5×,71,0.468086774080572,0.129171215708664,0.43046118319034576,0.3680231161415577,0.5810752213001251,0.4383494689194879,0.49885244864813033
virchow,Virchow,40× ↔ 2.5×,71,0.38014874187573583,0.14090640315222597,0.3574071377515793,0.2773652784526348,0.47289109230041504,0.3477432797676031,0.4132586403343249
virchow2,Virchow2,40× ↔ 10×,71,0.7136396593611005,0.03584535554136734,0.7129070460796356,0.6890997290611267,0.7353322803974152,0.7054349865082284,0.7218228360611788
virchow2,Virchow2,10× ↔ 2.5×,71,0.6873117792354503,0.05166666846432087,0.6941601932048798,0.6689781695604324,0.7234569638967514,0.6744479255514666,0.6989259994890489
virchow2,Virchow2,40× ↔ 2.5×,71,0.5268614273255979,0.04677813257855311,0.5242847204208374,0.5010407492518425,0.5470087081193924,0.5161598482497141,0.5377281051391447
uni2,UNI2,40× ↔ 10×,71,0.4150929126731107,0.0885203389444716,0.4104604125022888,0.33955418318510056,0.4829800948500633,0.3948212181414727,0.4363601825291841
uni2,UNI2,10× ↔ 2.5×,71,0.5338626285673866,0.06425897369158502,0.5377292037010193,0.507480688393116,0.5641289949417114,0.5182887835349415,0.5486852121027842
uni2,UNI2,40× ↔ 2.5×,71,0.2278137921132672,0.06588586725696506,0.20960372686386108,0.1856977418065071,0.2582021504640579,0.21276571749066803,0.2433197202961105
midnight,Midnight,40× ↔ 10×,71,0.3545835348711887,0.06533177822957825,0.34338581562042236,0.32037897408008575,0.38828177005052567,0.34027469375393765,0.370355162000887
midnight,Midnight,10× ↔ 2.5×,71,0.43267746500565973,0.06355100564603161,0.4307403713464737,0.384184367954731,0.4726979434490204,0.41865722489818724,0.4482888665207675
midnight,Midnight,40× ↔ 2.5×,71,0.2933247501791363,0.06191788285912726,0.2795638144016266,0.26301209628582,0.3018438518047333,0.2804570878003265,0.30940606315475955
gigapath,GigaPath,40× ↔ 10×,71,0.39210610542918595,0.06792711636597451,0.3871239274740219,0.3442033529281616,0.4293495640158653,0.3768061383666707,0.4078736138333317
gigapath,GigaPath,10× ↔ 2.5×,71,0.5009762318411344,0.07270327775629006,0.4964580088853836,0.4477132558822632,0.5501265972852707,0.48381939313676153,0.5174885125699598
gigapath,GigaPath,40× ↔ 2.5×,71,0.2183660044216774,0.06974548905746081,0.20716124773025513,0.16590719856321812,0.2512337528169155,0.20275101423998113,0.23443270981521674
gigapath_flash,GigaPath-Flash,40× ↔ 10×,71,0.5618627044096799,0.07445697439982928,0.5760642886161804,0.5125992149114609,0.609576627612114,0.5444164237348547,0.5787463314096692
gigapath_flash,GigaPath-Flash,10× ↔ 2.5×,71,0.5869882427890536,0.06665210084916556,0.5830083191394806,0.5343969017267227,0.6426291242241859,0.5715181081175384,0.6022585054413534
gigapath_flash,GigaPath-Flash,40× ↔ 2.5×,71,0.44169095294996047,0.07040504210579301,0.4302837997674942,0.395239494740963,0.49656521528959274,0.42493411504571704,0.4576036822969015
