cancer,model,model_display,scale_pair,n_cases,mean_retrieval_similarity,std_retrieval_similarity,median_retrieval_similarity
BLCA,gigapath,GigaPath,10× ↔ 2.5×,10,0.5070466592907905,0.08676260840361678,0.525074377655983
BLCA,gigapath,GigaPath,40× ↔ 10×,10,0.4047727197408676,0.06748520066742128,0.422567680478096
BLCA,gigapath,GigaPath,40× ↔ 2.5×,10,0.19818626530468464,0.06691041375907478,0.19849146157503128
BLCA,gigapath_flash,GigaPath-Flash,10× ↔ 2.5×,10,0.5976880297064782,0.06736634315396951,0.5993035286664963
BLCA,gigapath_flash,GigaPath-Flash,40× ↔ 10×,10,0.5709361553192138,0.07658931899782878,0.5917031466960907
BLCA,gigapath_flash,GigaPath-Flash,40× ↔ 2.5×,10,0.43176276609301567,0.0694120836657612,0.4494575709104538
BLCA,midnight,Midnight,10× ↔ 2.5×,10,0.4509607911109924,0.05472412522679153,0.4380083307623863
BLCA,midnight,Midnight,40× ↔ 10×,10,0.3639101780951023,0.04230949400121248,0.3811495527625084
BLCA,midnight,Midnight,40× ↔ 2.5×,10,0.2940847121179104,0.03408457506303216,0.28465206921100616
BLCA,phikon,Phikon,10× ↔ 2.5×,10,0.5086527302861213,0.06723283809263424,0.4865351691842079
BLCA,phikon,Phikon,40× ↔ 10×,10,0.6898092120885849,0.07570974194836994,0.6860064715147018
BLCA,phikon,Phikon,40× ↔ 2.5×,10,0.3010145492851734,0.06976318213747043,0.3211764842271805
BLCA,uni,UNI,10× ↔ 2.5×,10,0.3500554352998734,0.04300861509215762,0.3641572743654251
BLCA,uni,UNI,40× ↔ 10×,10,0.4046106979250908,0.07646913672296732,0.36644362658262253
BLCA,uni,UNI,40× ↔ 2.5×,10,0.1924052696675062,0.037074214317495226,0.17647246271371841
BLCA,uni2,UNI2,10× ↔ 2.5×,10,0.49702202826738356,0.07043952975865804,0.5270480662584305
BLCA,uni2,UNI2,40× ↔ 10×,10,0.3991966247558594,0.09784012748646409,0.35684987902641296
BLCA,uni2,UNI2,40× ↔ 2.5×,10,0.18748131319880484,0.03328584738394803,0.18691901862621307
BLCA,virchow,Virchow,10× ↔ 2.5×,10,0.4046555541455746,0.0657032137061053,0.40947920829057693
BLCA,virchow,Virchow,40× ↔ 10×,10,0.6954703152179718,0.0830196156892157,0.7123283743858337
BLCA,virchow,Virchow,40× ↔ 2.5×,10,0.32095480561256406,0.0852444025129263,0.33257541060447693
BLCA,virchow2,Virchow2,10× ↔ 2.5×,10,0.6770648866891861,0.045637635754131343,0.684077575802803
BLCA,virchow2,Virchow2,40× ↔ 10×,10,0.7188686907291413,0.026274196750771084,0.7148378640413284
BLCA,virchow2,Virchow2,40× ↔ 2.5×,10,0.5071308478713036,0.06345586128646359,0.5311210453510284
BRCA,gigapath,GigaPath,10× ↔ 2.5×,10,0.49059896543622017,0.09419604138830437,0.49223916232585907
BRCA,gigapath,GigaPath,40× ↔ 10×,10,0.38687280416488645,0.04711704550349275,0.38688819855451584
BRCA,gigapath,GigaPath,40× ↔ 2.5×,10,0.17856138572096825,0.05334324969719945,0.1757117621600628
BRCA,gigapath_flash,GigaPath-Flash,10× ↔ 2.5×,10,0.5706132158637047,0.07303961178506313,0.5743021443486214
BRCA,gigapath_flash,GigaPath-Flash,40× ↔ 10×,10,0.5620197460055352,0.06597344152201928,0.5768486112356186
BRCA,gigapath_flash,GigaPath-Flash,40× ↔ 2.5×,10,0.4101641669869423,0.05519946095065974,0.39615506678819656
BRCA,midnight,Midnight,10× ↔ 2.5×,10,0.38756013959646224,0.04052961145717604,0.38513167947530746
BRCA,midnight,Midnight,40× ↔ 10×,10,0.3819450005888939,0.030414381176976653,0.38847915828227997
BRCA,midnight,Midnight,40× ↔ 2.5×,10,0.2949782326817513,0.025521553459654792,0.29153958708047867
BRCA,phikon,Phikon,10× ↔ 2.5×,10,0.4622079662978649,0.0864179057602245,0.4711499437689781
BRCA,phikon,Phikon,40× ↔ 10×,10,0.651721042394638,0.053876683702857704,0.6420244723558426
BRCA,phikon,Phikon,40× ↔ 2.5×,10,0.21892446354031564,0.07168698345878884,0.19535074196755886
BRCA,uni,UNI,10× ↔ 2.5×,10,0.31433320641517637,0.04915630851746861,0.31477928906679153
BRCA,uni,UNI,40× ↔ 10×,10,0.36421571522951124,0.043133735385355886,0.3477295711636543
BRCA,uni,UNI,40× ↔ 2.5×,10,0.15383148044347764,0.043324292557825515,0.1480692271143198
BRCA,uni2,UNI2,10× ↔ 2.5×,10,0.5225694999098778,0.02636137286897106,0.528487429022789
BRCA,uni2,UNI2,40× ↔ 10×,10,0.31694075986742976,0.04377652106914662,0.31136079877614975
BRCA,uni2,UNI2,40× ↔ 2.5×,10,0.15957109667360783,0.02049460596676446,0.15759338438510895
BRCA,virchow,Virchow,10× ↔ 2.5×,10,0.38443286493420603,0.0705014683062946,0.38570287078619003
BRCA,virchow,Virchow,40× ↔ 10×,10,0.6795930117368698,0.09775956637137816,0.6759391725063324
BRCA,virchow,Virchow,40× ↔ 2.5×,10,0.3216265462338924,0.07197068331987723,0.3264598995447159
BRCA,virchow2,Virchow2,10× ↔ 2.5×,10,0.6999963074922562,0.032897597352911714,0.7052840292453766
BRCA,virchow2,Virchow2,40× ↔ 10×,10,0.693949145078659,0.03311493468545343,0.6847832947969437
BRCA,virchow2,Virchow2,40× ↔ 2.5×,10,0.5183713406324386,0.0292642291125221,0.5228877738118172
COAD,gigapath,GigaPath,10× ↔ 2.5×,7,0.4988613192524229,0.05904732043215471,0.5030421614646912
COAD,gigapath,GigaPath,40× ↔ 10×,7,0.3624974255050932,0.03831910618281828,0.37358762323856354
COAD,gigapath,GigaPath,40× ↔ 2.5×,7,0.24814532484327043,0.040951291555499904,0.2431989684700966
COAD,gigapath_flash,GigaPath-Flash,10× ↔ 2.5×,7,0.5777134554726737,0.041942743673926704,0.5649836957454681
COAD,gigapath_flash,GigaPath-Flash,40× ↔ 10×,7,0.5810181285653796,0.037829857576040515,0.582504540681839
COAD,gigapath_flash,GigaPath-Flash,40× ↔ 2.5×,7,0.47209470186914715,0.040858531287221646,0.4695296883583069
COAD,midnight,Midnight,10× ↔ 2.5×,7,0.4460026983703886,0.03297920265220882,0.4568781107664108
COAD,midnight,Midnight,40× ↔ 10×,7,0.3301000211920057,0.028990596711973855,0.336232453584671
COAD,midnight,Midnight,40× ↔ 2.5×,7,0.2717865907720157,0.009299461264878331,0.2721382677555084
COAD,phikon,Phikon,10× ↔ 2.5×,7,0.5810487078768867,0.049770743720590205,0.6063326895236969
COAD,phikon,Phikon,40× ↔ 10×,7,0.6539678786482129,0.044354314456063484,0.6542353332042694
COAD,phikon,Phikon,40× ↔ 2.5×,7,0.3983778974839619,0.04551408765593986,0.39631929993629456
COAD,uni,UNI,10× ↔ 2.5×,7,0.4137388063328607,0.050808549923850664,0.43281885981559753
COAD,uni,UNI,40× ↔ 10×,7,0.4230476809399469,0.010320066470407376,0.4255412817001343
COAD,uni,UNI,40× ↔ 2.5×,7,0.30277898056166513,0.031263919568456755,0.30636991560459137
COAD,uni2,UNI2,10× ↔ 2.5×,7,0.5161279439926147,0.016948524226446365,0.5123412311077118
COAD,uni2,UNI2,40× ↔ 10×,7,0.40189316655908314,0.017826781590576466,0.40552517771720886
COAD,uni2,UNI2,40× ↔ 2.5×,7,0.20365162087338312,0.012750020758702053,0.19731708616018295
COAD,virchow,Virchow,10× ↔ 2.5×,7,0.5787539929151535,0.1035043530420615,0.5989731848239899
COAD,virchow,Virchow,40× ↔ 10×,7,0.770160836832864,0.038038963338266216,0.7506141066551208
COAD,virchow,Virchow,40× ↔ 2.5×,7,0.5638328343629837,0.11628424632240843,0.5931003987789154
COAD,virchow2,Virchow2,10× ↔ 2.5×,7,0.6955746795449939,0.037327649913470796,0.6941601932048798
COAD,virchow2,Virchow2,40× ↔ 10×,7,0.7221157848834991,0.017169318035857487,0.7225757241249084
COAD,virchow2,Virchow2,40× ↔ 2.5×,7,0.5311500962291446,0.028191212966669356,0.5379638671875
HNSC,gigapath,GigaPath,10× ↔ 2.5×,8,0.5006644409149885,0.10077513389888501,0.4888899624347687
HNSC,gigapath,GigaPath,40× ↔ 10×,8,0.45738429948687553,0.10339404059169396,0.4580913707613945
HNSC,gigapath,GigaPath,40× ↔ 2.5×,8,0.2797305332496762,0.1050021308034586,0.2571471258997917
HNSC,gigapath_flash,GigaPath-Flash,10× ↔ 2.5×,8,0.6010169163346291,0.10653191674550518,0.6024662777781487
HNSC,gigapath_flash,GigaPath-Flash,40× ↔ 10×,8,0.600352581590414,0.09360212098584458,0.6181396991014481
HNSC,gigapath_flash,GigaPath-Flash,40× ↔ 2.5×,8,0.4818847421556711,0.09119075381913205,0.4814263954758644
HNSC,midnight,Midnight,10× ↔ 2.5×,8,0.4590651411563158,0.042168067776102845,0.45506300032138824
HNSC,midnight,Midnight,40× ↔ 10×,8,0.3631322532892227,0.058361026101422325,0.38687578588724136
HNSC,midnight,Midnight,40× ↔ 2.5×,8,0.2738791983574629,0.03700138571083539,0.2605547532439232
HNSC,phikon,Phikon,10× ↔ 2.5×,8,0.6199761964380741,0.09795564656354287,0.617866575717926
HNSC,phikon,Phikon,40× ↔ 10×,8,0.6344594247639179,0.09879632206431589,0.6531662046909332
HNSC,phikon,Phikon,40× ↔ 2.5×,8,0.409098575823009,0.09398068224260886,0.4373052641749382
HNSC,uni,UNI,10× ↔ 2.5×,8,0.4222468454390764,0.11294946167323515,0.4105689823627472
HNSC,uni,UNI,40× ↔ 10×,8,0.45489863865077496,0.05613987497235186,0.4848300367593765
HNSC,uni,UNI,40× ↔ 2.5×,8,0.26995374308899045,0.05786809084541794,0.2674050144851208
HNSC,uni2,UNI2,10× ↔ 2.5×,8,0.5080909412354231,0.10396995335590228,0.5559046864509583
HNSC,uni2,UNI2,40× ↔ 10×,8,0.43201017938554287,0.0660768509362923,0.4268898591399193
HNSC,uni2,UNI2,40× ↔ 2.5×,8,0.21880585234612226,0.06200387470846904,0.2225213758647442
HNSC,virchow,Virchow,10× ↔ 2.5×,8,0.5073185339570045,0.14339686533119453,0.5133410096168518
HNSC,virchow,Virchow,40× ↔ 10×,8,0.6468129549175501,0.10020335956958608,0.6408804953098297
HNSC,virchow,Virchow,40× ↔ 2.5×,8,0.3717744145542383,0.11456375423535976,0.3492779806256294
HNSC,virchow2,Virchow2,10× ↔ 2.5×,8,0.6949339099228382,0.032289822955223584,0.7004891335964203
HNSC,virchow2,Virchow2,40× ↔ 10×,8,0.7086220793426037,0.03841203701809018,0.716969758272171
HNSC,virchow2,Virchow2,40× ↔ 2.5×,8,0.5320498012006283,0.03227057407485865,0.5274958908557892
KIRC,gigapath,GigaPath,10× ↔ 2.5×,9,0.46121833225091297,0.05211392030208065,0.4496215283870697
KIRC,gigapath,GigaPath,40× ↔ 10×,9,0.3982831546001964,0.08461091936333934,0.40455707907676697
KIRC,gigapath,GigaPath,40× ↔ 2.5×,9,0.24951384920212957,0.05219445932534986,0.24175771325826645
KIRC,gigapath_flash,GigaPath-Flash,10× ↔ 2.5×,9,0.5609313448270162,0.06043428001515849,0.5484743565320969
KIRC,gigapath_flash,GigaPath-Flash,40× ↔ 10×,9,0.548828093541993,0.10805824923644176,0.5678408741950989
KIRC,gigapath_flash,GigaPath-Flash,40× ↔ 2.5×,9,0.4706256381339497,0.07603961368744352,0.49225856363773346
KIRC,midnight,Midnight,10× ↔ 2.5×,9,0.4148745669258965,0.06708269420620104,0.39574891328811646
KIRC,midnight,Midnight,40× ↔ 10×,9,0.31946459743711686,0.07522797246722149,0.30346454679965973
KIRC,midnight,Midnight,40× ↔ 2.5×,9,0.29335231913460624,0.06964441437004319,0.2719614952802658
KIRC,phikon,Phikon,10× ↔ 2.5×,9,0.5436007214917077,0.0786960080215712,0.5309910029172897
KIRC,phikon,Phikon,40× ↔ 10×,9,0.5829003221458859,0.11505785491013198,0.6013061702251434
KIRC,phikon,Phikon,40× ↔ 2.5×,9,0.34193920426898533,0.08367928736617361,0.3372954726219177
KIRC,uni,UNI,10× ↔ 2.5×,9,0.37359245783752865,0.09022981860233396,0.3672921061515808
KIRC,uni,UNI,40× ↔ 10×,9,0.44008955028322005,0.08514228703251896,0.4448679983615875
KIRC,uni,UNI,40× ↔ 2.5×,9,0.26320430595013833,0.06431409043057348,0.2760467156767845
KIRC,uni2,UNI2,10× ↔ 2.5×,9,0.5711358288923899,0.09131725455525637,0.6071161925792694
KIRC,uni2,UNI2,40× ↔ 10×,9,0.540767126613193,0.06647704704480392,0.5369132906198502
KIRC,uni2,UNI2,40× ↔ 2.5×,9,0.31793370097875595,0.07672225317082056,0.3314593434333801
KIRC,virchow,Virchow,10× ↔ 2.5×,9,0.6108027001221975,0.10126271197122766,0.6328028440475464
KIRC,virchow,Virchow,40× ↔ 10×,9,0.7824316620826721,0.09353022015207267,0.8133672773838043
KIRC,virchow,Virchow,40× ↔ 2.5×,9,0.5308448332879279,0.12769605081871702,0.5741068124771118
KIRC,virchow2,Virchow2,10× ↔ 2.5×,9,0.6651487532589171,0.10916747580924532,0.7188492119312286
KIRC,virchow2,Virchow2,40× ↔ 10×,9,0.7499327891402774,0.05594236134541451,0.7530438005924225
KIRC,virchow2,Virchow2,40× ↔ 2.5×,9,0.5637805031405555,0.08806020844123062,0.568021833896637
LUAD,gigapath,GigaPath,10× ↔ 2.5×,9,0.4839348362551795,0.02824362522207774,0.4871300458908081
LUAD,gigapath,GigaPath,40× ↔ 10×,9,0.385897954305013,0.06459835380837017,0.3658652901649475
LUAD,gigapath,GigaPath,40× ↔ 2.5×,9,0.20301632624533442,0.06659462851416198,0.20079751312732697
LUAD,gigapath_flash,GigaPath-Flash,10× ↔ 2.5×,9,0.5578894052240584,0.046485170415281704,0.5470188558101654
LUAD,gigapath_flash,GigaPath-Flash,40× ↔ 10×,9,0.5541050881147385,0.07770507867055504,0.5601810812950134
LUAD,gigapath_flash,GigaPath-Flash,40× ↔ 2.5×,9,0.4050089543064435,0.08522204374694396,0.40388861298561096
LUAD,midnight,Midnight,10× ↔ 2.5×,9,0.47825905680656433,0.08088374242722174,0.47479288280010223
LUAD,midnight,Midnight,40× ↔ 10×,9,0.3742131143808365,0.126319378380526,0.33959880471229553
LUAD,midnight,Midnight,40× ↔ 2.5×,9,0.3434444988767306,0.1269944343126301,0.3028155267238617
LUAD,phikon,Phikon,10× ↔ 2.5×,9,0.5054816620217429,0.06533976399467224,0.4874797612428665
LUAD,phikon,Phikon,40× ↔ 10×,9,0.6400119198693169,0.051084230724255296,0.634577602148056
LUAD,phikon,Phikon,40× ↔ 2.5×,9,0.2693454739120271,0.07784385164246063,0.2616117373108864
LUAD,uni,UNI,10× ↔ 2.5×,9,0.3517770758933491,0.08231096267392632,0.31865663826465607
LUAD,uni,UNI,40× ↔ 10×,9,0.41207339531845516,0.06693050944078854,0.4233134388923645
LUAD,uni,UNI,40× ↔ 2.5×,9,0.2000188384619024,0.07827841724807762,0.21362145990133286
LUAD,uni2,UNI2,10× ↔ 2.5×,9,0.5698273281256357,0.045053651094295113,0.5615958273410797
LUAD,uni2,UNI2,40× ↔ 10×,9,0.4236205816268921,0.09528523489441977,0.4439428150653839
LUAD,uni2,UNI2,40× ↔ 2.5×,9,0.2517667942576938,0.06775300068561975,0.245466411113739
LUAD,virchow,Virchow,10× ↔ 2.5×,9,0.47100454486078686,0.13479373195352104,0.4734571725130081
LUAD,virchow,Virchow,40× ↔ 10×,9,0.7251683092779584,0.0882117904404784,0.7441992461681366
LUAD,virchow,Virchow,40× ↔ 2.5×,9,0.339343897998333,0.14842491599253527,0.37152038514614105
LUAD,virchow2,Virchow2,10× ↔ 2.5×,9,0.6899775266647339,0.03747711411587374,0.6845254004001617
LUAD,virchow2,Virchow2,40× ↔ 10×,9,0.7118612064255608,0.02428499315505253,0.7079806923866272
LUAD,virchow2,Virchow2,40× ↔ 2.5×,9,0.5352141062418619,0.03277352509861586,0.5270489752292633
STAD,gigapath,GigaPath,10× ↔ 2.5×,9,0.5167283299896452,0.05515992035119018,0.5197770446538925
STAD,gigapath,GigaPath,40× ↔ 10×,9,0.36263996528254616,0.055276356854969025,0.34642766416072845
STAD,gigapath,GigaPath,40× ↔ 2.5×,9,0.2112606262995137,0.06471470513081479,0.19653455913066864
STAD,gigapath_flash,GigaPath-Flash,10× ↔ 2.5×,9,0.6053672267331017,0.03962106243349115,0.6001348495483398
STAD,gigapath_flash,GigaPath-Flash,40× ↔ 10×,9,0.5394497066736221,0.06390605677272852,0.5448534488677979
STAD,gigapath_flash,GigaPath-Flash,40× ↔ 2.5×,9,0.42995606859525043,0.04791900646257919,0.4292411506175995
STAD,midnight,Midnight,10× ↔ 2.5×,9,0.45025693045722115,0.06492984476099214,0.45811526477336884
STAD,midnight,Midnight,40× ↔ 10×,9,0.36387579805321163,0.06665648644621562,0.3712002635002136
STAD,midnight,Midnight,40× ↔ 2.5×,9,0.2964530669980579,0.05224841581976273,0.2847934812307358
STAD,phikon,Phikon,10× ↔ 2.5×,9,0.5319085932440228,0.05890016578092512,0.4996654838323593
STAD,phikon,Phikon,40× ↔ 10×,9,0.6581548982196384,0.07654333682658915,0.6636072397232056
STAD,phikon,Phikon,40× ↔ 2.5×,9,0.3154408973124292,0.07807143428528528,0.2855600416660309
STAD,uni,UNI,10× ↔ 2.5×,9,0.3655378553602431,0.046105768459449095,0.35575446486473083
STAD,uni,UNI,40× ↔ 10×,9,0.43526750471856857,0.06153173070547078,0.4145241975784302
STAD,uni,UNI,40× ↔ 2.5×,9,0.2158040731317467,0.055401783344610545,0.22602974623441696
STAD,uni2,UNI2,10× ↔ 2.5×,9,0.521641645166609,0.04033761884813617,0.529938817024231
STAD,uni2,UNI2,40× ↔ 10×,9,0.4233605381515291,0.06501812048971298,0.42216555774211884
STAD,uni2,UNI2,40× ↔ 2.5×,9,0.22652020553747812,0.033937404721868736,0.22422099858522415
STAD,virchow,Virchow,10× ↔ 2.5×,9,0.4835386706723107,0.11590864064620399,0.4634355455636978
STAD,virchow,Virchow,40× ↔ 10×,9,0.735003348853853,0.09668773304522925,0.7171412706375122
STAD,virchow,Virchow,40× ↔ 2.5×,9,0.3852173470788532,0.11279442094375945,0.37218615412712097
STAD,virchow2,Virchow2,10× ↔ 2.5×,9,0.6677062577671475,0.031484468561384885,0.6817895472049713
STAD,virchow2,Virchow2,40× ↔ 10×,9,0.7103972766134474,0.03315055513664215,0.7048186361789703
STAD,virchow2,Virchow2,40× ↔ 2.5×,9,0.5140609062380261,0.024633739236195502,0.5165875256061554
UCEC,gigapath,GigaPath,10× ↔ 2.5×,9,0.5487308849891027,0.06788264786633659,0.5508467853069305
UCEC,gigapath,GigaPath,40× ↔ 10×,9,0.3783480226993561,0.0370188487347684,0.3813348561525345
UCEC,gigapath,GigaPath,40× ↔ 2.5×,9,0.19861456089549595,0.05648489255135854,0.18692517280578613
UCEC,gigapath_flash,GigaPath-Flash,10× ↔ 2.5×,9,0.624814608030849,0.06837744187512422,0.647205650806427
UCEC,gigapath_flash,GigaPath-Flash,40× ↔ 10×,9,0.5456999391317368,0.05874850622427248,0.5664004981517792
UCEC,gigapath_flash,GigaPath-Flash,40× ↔ 2.5×,9,0.44785905877749127,0.06489759466600352,0.4111638814210892
UCEC,midnight,Midnight,10× ↔ 2.5×,9,0.3833150780863232,0.05380752053220836,0.36844007670879364
UCEC,midnight,Midnight,40× ↔ 10×,9,0.3314599361684587,0.021477060173397265,0.33371998369693756
UCEC,midnight,Midnight,40× ↔ 2.5×,9,0.27140434748596615,0.048680826492736286,0.26322251558303833
UCEC,phikon,Phikon,10× ↔ 2.5×,9,0.49136753049161697,0.05296890027697665,0.4825139045715332
UCEC,phikon,Phikon,40× ↔ 10×,9,0.6945148176617093,0.060520221146681034,0.6935315728187561
UCEC,phikon,Phikon,40× ↔ 2.5×,9,0.23563270146648088,0.04197838493178769,0.2210278958082199
UCEC,uni,UNI,10× ↔ 2.5×,9,0.33050722463263404,0.039939868923449556,0.33043810725212097
UCEC,uni,UNI,40× ↔ 10×,9,0.40462398032347363,0.02969187883928254,0.40710024535655975
UCEC,uni,UNI,40× ↔ 2.5×,9,0.15978691395786074,0.026389953635170948,0.15271365642547607
UCEC,uni2,UNI2,10× ↔ 2.5×,9,0.5630294432242712,0.034038832220111837,0.5654776692390442
UCEC,uni2,UNI2,40× ↔ 10×,9,0.39457279278172386,0.05154055014932908,0.41125260293483734
UCEC,uni2,UNI2,40× ↔ 2.5×,9,0.2624734077188704,0.03959373295872221,0.2663724198937416
UCEC,virchow,Virchow,10× ↔ 2.5×,9,0.34948192288478214,0.05110689850740801,0.3579125255346298
UCEC,virchow,Virchow,40× ↔ 10×,9,0.6836995349989997,0.06947137200461743,0.705222487449646
UCEC,virchow,Virchow,40× ↔ 2.5×,9,0.26056303249465096,0.07245185920451878,0.2942200303077698
UCEC,virchow2,Virchow2,10× ↔ 2.5×,9,0.7105041676097446,0.038444158556838665,0.7109578847885132
UCEC,virchow2,Virchow2,40× ↔ 10×,9,0.6963032086690267,0.021444508613686512,0.7026978433132172
UCEC,virchow2,Virchow2,40× ↔ 2.5×,9,0.5177989701430002,0.014217101798890264,0.5171373784542084
