term,estimate,robust_se,z_value,p_value,ci95_low,ci95_high,significance
Intercept,0.6513942354161975,0.009325923244564679,69.84769425331075,0.0,0.6331157617342658,0.6696727090981291,****
C(model)[T.uni],-0.23565794128767203,0.008805522846497969,-26.762515457148034,8.829893530684318e-158,-0.25291644893185267,-0.2183994336434914,****
C(model)[T.virchow],0.06202813731112947,0.013951152773354448,4.446094048199236,8.7445676923462e-06,0.034684380332538664,0.08937189428972028,****
C(model)[T.virchow2],0.06224542394490311,0.010925198254893883,5.697418252068846,1.2163527150990755e-08,0.04083242884135125,0.08365841904845497,****
C(model)[T.uni2],-0.23630132274308677,0.01293402001481667,-18.269750817796005,1.4410722990223396e-74,-0.2616515361474476,-0.21095110933872588,****
C(model)[T.midnight],-0.2968107005450088,0.00999127143614296,-29.70699999915025,6.23562965018846e-194,-0.3163932327196128,-0.2772281683704048,****
C(model)[T.gigapath],-0.2592881299870115,0.008701159380564342,-29.799262218570526,3.9935508879403796e-195,-0.27634208899666046,-0.24223417097736255,****
C(model)[T.gigapath_flash],-0.08953153100651749,0.00819932909640652,-10.919372786946196,9.313674635121853e-28,-0.10560192073286562,-0.07346114128016937,****
C(pair_code)[T.10_2p5],-0.12481699516655693,0.012886123939149747,-9.686155104200605,3.4528306525158305e-22,-0.15007333398760986,-0.09956065634550401,****
C(pair_code)[T.40_2p5],-0.3454498902068172,0.012838696276945269,-26.90692908026411,1.8222314424705287e-159,-0.3706132725180784,-0.320286507895556,****
C(model)[T.uni]:C(pair_code)[T.10_2p5],0.07120414256629806,0.010099994175484073,7.049919171154907,1.7902175193328782e-12,0.05140851773828496,0.09099976739431116,****
C(model)[T.virchow]:C(pair_code)[T.10_2p5],-0.12051860348019798,0.012146791858107953,-9.92184643385917,3.345098584724972e-23,-0.14432587804979394,-0.09671132891060202,****
C(model)[T.virchow2]:C(pair_code)[T.10_2p5],0.09848911504090671,0.01632409526612459,6.033358261838203,1.6058684635105036e-09,0.06649447623910172,0.1304837538427117,****
C(model)[T.uni2]:C(pair_code)[T.10_2p5],0.24358671106083293,0.019384486145579055,12.566064905279257,3.2447647691803e-36,0.20559381635668234,0.28157960576498353,****
C(model)[T.midnight]:C(pair_code)[T.10_2p5],0.20291092530102803,0.012261537107770814,16.54857164461315,1.6394633684578364e-61,0.17887875417469581,0.22694309642736024,****
C(model)[T.gigapath]:C(pair_code)[T.10_2p5],0.23368712157850538,0.015637373826133807,14.944141143953345,1.7006967597271251e-50,0.2030384320664938,0.26433581109051696,****
C(model)[T.gigapath_flash]:C(pair_code)[T.10_2p5],0.14994253354593068,0.013899147997425932,10.787893874768399,3.926855694650709e-27,0.12270070405518384,0.17718436303667753,****
C(model)[T.uni]:C(pair_code)[T.40_2p5],0.14507665936376013,0.00969019577155282,14.97148899608992,1.127679034185339e-50,0.12608422464837427,0.164069094079146,****
C(model)[T.virchow]:C(pair_code)[T.40_2p5],0.012176259355226112,0.011271975324831124,1.0802240959845728,0.28004240074330966,-0.009916406316067066,0.03426892502651929,ns
C(model)[T.virchow2]:C(pair_code)[T.40_2p5],0.1586716581713146,0.013825754960697384,11.476527583656166,1.7309345542675876e-30,0.13157367638927173,0.18576963995335746,****
C(model)[T.uni2]:C(pair_code)[T.40_2p5],0.1581707696469737,0.016796992179584528,9.416612686122358,4.658749383254586e-21,0.1252492699263871,0.19109226936756032,****
C(model)[T.midnight]:C(pair_code)[T.40_2p5],0.28419110551476473,0.014193289767917975,20.02291999682417,3.4773231661629555e-89,0.25637276874750464,0.3120094422820248,****
C(model)[T.gigapath]:C(pair_code)[T.40_2p5],0.17170978919930865,0.011609839446833598,14.790022720438206,1.6989644592308104e-49,0.14895492201722238,0.19446465638139493,****
C(model)[T.gigapath_flash]:C(pair_code)[T.40_2p5],0.2252781387470977,0.012039165904899644,18.712105184580523,3.944803581965249e-78,0.20168180716959183,0.24887447032460358,****
