cancer,model,model_display,k,metric,n_cases,n_hits,recall
BLCA,gigapath,GigaPath,1,Recall@1,10,4,0.4
BLCA,gigapath,GigaPath,5,Recall@5,10,8,0.8
BLCA,gigapath,GigaPath,10,Recall@10,10,10,1.0
BLCA,gigapath_flash,GigaPath-Flash,1,Recall@1,10,4,0.4
BLCA,gigapath_flash,GigaPath-Flash,5,Recall@5,10,8,0.8
BLCA,gigapath_flash,GigaPath-Flash,10,Recall@10,10,10,1.0
BLCA,midnight,Midnight,1,Recall@1,10,7,0.7
BLCA,midnight,Midnight,5,Recall@5,10,10,1.0
BLCA,midnight,Midnight,10,Recall@10,10,10,1.0
BLCA,phikon,Phikon,1,Recall@1,10,5,0.5
BLCA,phikon,Phikon,5,Recall@5,10,9,0.9
BLCA,phikon,Phikon,10,Recall@10,10,10,1.0
BLCA,uni,UNI,1,Recall@1,10,4,0.4
BLCA,uni,UNI,5,Recall@5,10,10,1.0
BLCA,uni,UNI,10,Recall@10,10,10,1.0
BLCA,uni2,UNI2,1,Recall@1,10,5,0.5
BLCA,uni2,UNI2,5,Recall@5,10,10,1.0
BLCA,uni2,UNI2,10,Recall@10,10,10,1.0
BLCA,virchow,Virchow,1,Recall@1,10,4,0.4
BLCA,virchow,Virchow,5,Recall@5,10,10,1.0
BLCA,virchow,Virchow,10,Recall@10,10,10,1.0
BLCA,virchow2,Virchow2,1,Recall@1,10,5,0.5
BLCA,virchow2,Virchow2,5,Recall@5,10,10,1.0
BLCA,virchow2,Virchow2,10,Recall@10,10,10,1.0
BRCA,gigapath,GigaPath,1,Recall@1,10,7,0.7
BRCA,gigapath,GigaPath,5,Recall@5,10,10,1.0
BRCA,gigapath,GigaPath,10,Recall@10,10,10,1.0
BRCA,gigapath_flash,GigaPath-Flash,1,Recall@1,10,7,0.7
BRCA,gigapath_flash,GigaPath-Flash,5,Recall@5,10,10,1.0
BRCA,gigapath_flash,GigaPath-Flash,10,Recall@10,10,10,1.0
BRCA,midnight,Midnight,1,Recall@1,10,9,0.9
BRCA,midnight,Midnight,5,Recall@5,10,9,0.9
BRCA,midnight,Midnight,10,Recall@10,10,10,1.0
BRCA,phikon,Phikon,1,Recall@1,10,9,0.9
BRCA,phikon,Phikon,5,Recall@5,10,10,1.0
BRCA,phikon,Phikon,10,Recall@10,10,10,1.0
BRCA,uni,UNI,1,Recall@1,10,5,0.5
BRCA,uni,UNI,5,Recall@5,10,10,1.0
BRCA,uni,UNI,10,Recall@10,10,10,1.0
BRCA,uni2,UNI2,1,Recall@1,10,10,1.0
BRCA,uni2,UNI2,5,Recall@5,10,10,1.0
BRCA,uni2,UNI2,10,Recall@10,10,10,1.0
BRCA,virchow,Virchow,1,Recall@1,10,8,0.8
BRCA,virchow,Virchow,5,Recall@5,10,10,1.0
BRCA,virchow,Virchow,10,Recall@10,10,10,1.0
BRCA,virchow2,Virchow2,1,Recall@1,10,10,1.0
BRCA,virchow2,Virchow2,5,Recall@5,10,10,1.0
BRCA,virchow2,Virchow2,10,Recall@10,10,10,1.0
COAD,gigapath,GigaPath,1,Recall@1,7,7,1.0
COAD,gigapath,GigaPath,5,Recall@5,7,7,1.0
COAD,gigapath,GigaPath,10,Recall@10,7,7,1.0
COAD,gigapath_flash,GigaPath-Flash,1,Recall@1,7,5,0.7142857142857143
COAD,gigapath_flash,GigaPath-Flash,5,Recall@5,7,7,1.0
COAD,gigapath_flash,GigaPath-Flash,10,Recall@10,7,7,1.0
COAD,midnight,Midnight,1,Recall@1,7,6,0.8571428571428571
COAD,midnight,Midnight,5,Recall@5,7,7,1.0
COAD,midnight,Midnight,10,Recall@10,7,7,1.0
COAD,phikon,Phikon,1,Recall@1,7,5,0.7142857142857143
COAD,phikon,Phikon,5,Recall@5,7,7,1.0
COAD,phikon,Phikon,10,Recall@10,7,7,1.0
COAD,uni,UNI,1,Recall@1,7,6,0.8571428571428571
COAD,uni,UNI,5,Recall@5,7,7,1.0
COAD,uni,UNI,10,Recall@10,7,7,1.0
COAD,uni2,UNI2,1,Recall@1,7,7,1.0
COAD,uni2,UNI2,5,Recall@5,7,7,1.0
COAD,uni2,UNI2,10,Recall@10,7,7,1.0
COAD,virchow,Virchow,1,Recall@1,7,5,0.7142857142857143
COAD,virchow,Virchow,5,Recall@5,7,6,0.8571428571428571
COAD,virchow,Virchow,10,Recall@10,7,6,0.8571428571428571
COAD,virchow2,Virchow2,1,Recall@1,7,7,1.0
COAD,virchow2,Virchow2,5,Recall@5,7,7,1.0
COAD,virchow2,Virchow2,10,Recall@10,7,7,1.0
HNSC,gigapath,GigaPath,1,Recall@1,8,4,0.5
HNSC,gigapath,GigaPath,5,Recall@5,8,6,0.75
HNSC,gigapath,GigaPath,10,Recall@10,8,6,0.75
HNSC,gigapath_flash,GigaPath-Flash,1,Recall@1,8,3,0.375
HNSC,gigapath_flash,GigaPath-Flash,5,Recall@5,8,6,0.75
HNSC,gigapath_flash,GigaPath-Flash,10,Recall@10,8,6,0.75
HNSC,midnight,Midnight,1,Recall@1,8,6,0.75
HNSC,midnight,Midnight,5,Recall@5,8,6,0.75
HNSC,midnight,Midnight,10,Recall@10,8,6,0.75
HNSC,phikon,Phikon,1,Recall@1,8,5,0.625
HNSC,phikon,Phikon,5,Recall@5,8,6,0.75
HNSC,phikon,Phikon,10,Recall@10,8,7,0.875
HNSC,uni,UNI,1,Recall@1,8,3,0.375
HNSC,uni,UNI,5,Recall@5,8,6,0.75
HNSC,uni,UNI,10,Recall@10,8,6,0.75
HNSC,uni2,UNI2,1,Recall@1,8,5,0.625
HNSC,uni2,UNI2,5,Recall@5,8,7,0.875
HNSC,uni2,UNI2,10,Recall@10,8,8,1.0
HNSC,virchow,Virchow,1,Recall@1,8,4,0.5
HNSC,virchow,Virchow,5,Recall@5,8,5,0.625
HNSC,virchow,Virchow,10,Recall@10,8,7,0.875
HNSC,virchow2,Virchow2,1,Recall@1,8,3,0.375
HNSC,virchow2,Virchow2,5,Recall@5,8,7,0.875
HNSC,virchow2,Virchow2,10,Recall@10,8,7,0.875
KIRC,gigapath,GigaPath,1,Recall@1,9,8,0.8888888888888888
KIRC,gigapath,GigaPath,5,Recall@5,9,9,1.0
KIRC,gigapath,GigaPath,10,Recall@10,9,9,1.0
KIRC,gigapath_flash,GigaPath-Flash,1,Recall@1,9,7,0.7777777777777778
KIRC,gigapath_flash,GigaPath-Flash,5,Recall@5,9,9,1.0
KIRC,gigapath_flash,GigaPath-Flash,10,Recall@10,9,9,1.0
KIRC,midnight,Midnight,1,Recall@1,9,8,0.8888888888888888
KIRC,midnight,Midnight,5,Recall@5,9,9,1.0
KIRC,midnight,Midnight,10,Recall@10,9,9,1.0
KIRC,phikon,Phikon,1,Recall@1,9,7,0.7777777777777778
KIRC,phikon,Phikon,5,Recall@5,9,8,0.8888888888888888
KIRC,phikon,Phikon,10,Recall@10,9,9,1.0
KIRC,uni,UNI,1,Recall@1,9,8,0.8888888888888888
KIRC,uni,UNI,5,Recall@5,9,9,1.0
KIRC,uni,UNI,10,Recall@10,9,9,1.0
KIRC,uni2,UNI2,1,Recall@1,9,9,1.0
KIRC,uni2,UNI2,5,Recall@5,9,9,1.0
KIRC,uni2,UNI2,10,Recall@10,9,9,1.0
KIRC,virchow,Virchow,1,Recall@1,9,7,0.7777777777777778
KIRC,virchow,Virchow,5,Recall@5,9,8,0.8888888888888888
KIRC,virchow,Virchow,10,Recall@10,9,9,1.0
KIRC,virchow2,Virchow2,1,Recall@1,9,8,0.8888888888888888
KIRC,virchow2,Virchow2,5,Recall@5,9,9,1.0
KIRC,virchow2,Virchow2,10,Recall@10,9,9,1.0
LUAD,gigapath,GigaPath,1,Recall@1,9,7,0.7777777777777778
LUAD,gigapath,GigaPath,5,Recall@5,9,8,0.8888888888888888
LUAD,gigapath,GigaPath,10,Recall@10,9,8,0.8888888888888888
LUAD,gigapath_flash,GigaPath-Flash,1,Recall@1,9,6,0.6666666666666666
LUAD,gigapath_flash,GigaPath-Flash,5,Recall@5,9,8,0.8888888888888888
LUAD,gigapath_flash,GigaPath-Flash,10,Recall@10,9,8,0.8888888888888888
LUAD,midnight,Midnight,1,Recall@1,9,9,1.0
LUAD,midnight,Midnight,5,Recall@5,9,9,1.0
LUAD,midnight,Midnight,10,Recall@10,9,9,1.0
LUAD,phikon,Phikon,1,Recall@1,9,6,0.6666666666666666
LUAD,phikon,Phikon,5,Recall@5,9,8,0.8888888888888888
LUAD,phikon,Phikon,10,Recall@10,9,8,0.8888888888888888
LUAD,uni,UNI,1,Recall@1,9,6,0.6666666666666666
LUAD,uni,UNI,5,Recall@5,9,8,0.8888888888888888
LUAD,uni,UNI,10,Recall@10,9,8,0.8888888888888888
LUAD,uni2,UNI2,1,Recall@1,9,7,0.7777777777777778
LUAD,uni2,UNI2,5,Recall@5,9,9,1.0
LUAD,uni2,UNI2,10,Recall@10,9,9,1.0
LUAD,virchow,Virchow,1,Recall@1,9,3,0.3333333333333333
LUAD,virchow,Virchow,5,Recall@5,9,7,0.7777777777777778
LUAD,virchow,Virchow,10,Recall@10,9,8,0.8888888888888888
LUAD,virchow2,Virchow2,1,Recall@1,9,8,0.8888888888888888
LUAD,virchow2,Virchow2,5,Recall@5,9,9,1.0
LUAD,virchow2,Virchow2,10,Recall@10,9,9,1.0
STAD,gigapath,GigaPath,1,Recall@1,9,5,0.5555555555555556
STAD,gigapath,GigaPath,5,Recall@5,9,9,1.0
STAD,gigapath,GigaPath,10,Recall@10,9,9,1.0
STAD,gigapath_flash,GigaPath-Flash,1,Recall@1,9,5,0.5555555555555556
STAD,gigapath_flash,GigaPath-Flash,5,Recall@5,9,9,1.0
STAD,gigapath_flash,GigaPath-Flash,10,Recall@10,9,9,1.0
STAD,midnight,Midnight,1,Recall@1,9,6,0.6666666666666666
STAD,midnight,Midnight,5,Recall@5,9,9,1.0
STAD,midnight,Midnight,10,Recall@10,9,9,1.0
STAD,phikon,Phikon,1,Recall@1,9,5,0.5555555555555556
STAD,phikon,Phikon,5,Recall@5,9,8,0.8888888888888888
STAD,phikon,Phikon,10,Recall@10,9,9,1.0
STAD,uni,UNI,1,Recall@1,9,4,0.4444444444444444
STAD,uni,UNI,5,Recall@5,9,8,0.8888888888888888
STAD,uni,UNI,10,Recall@10,9,8,0.8888888888888888
STAD,uni2,UNI2,1,Recall@1,9,5,0.5555555555555556
STAD,uni2,UNI2,5,Recall@5,9,9,1.0
STAD,uni2,UNI2,10,Recall@10,9,9,1.0
STAD,virchow,Virchow,1,Recall@1,9,4,0.4444444444444444
STAD,virchow,Virchow,5,Recall@5,9,8,0.8888888888888888
STAD,virchow,Virchow,10,Recall@10,9,9,1.0
STAD,virchow2,Virchow2,1,Recall@1,9,4,0.4444444444444444
STAD,virchow2,Virchow2,5,Recall@5,9,8,0.8888888888888888
STAD,virchow2,Virchow2,10,Recall@10,9,9,1.0
UCEC,gigapath,GigaPath,1,Recall@1,9,7,0.7777777777777778
UCEC,gigapath,GigaPath,5,Recall@5,9,9,1.0
UCEC,gigapath,GigaPath,10,Recall@10,9,9,1.0
UCEC,gigapath_flash,GigaPath-Flash,1,Recall@1,9,9,1.0
UCEC,gigapath_flash,GigaPath-Flash,5,Recall@5,9,9,1.0
UCEC,gigapath_flash,GigaPath-Flash,10,Recall@10,9,9,1.0
UCEC,midnight,Midnight,1,Recall@1,9,9,1.0
UCEC,midnight,Midnight,5,Recall@5,9,9,1.0
UCEC,midnight,Midnight,10,Recall@10,9,9,1.0
UCEC,phikon,Phikon,1,Recall@1,9,8,0.8888888888888888
UCEC,phikon,Phikon,5,Recall@5,9,9,1.0
UCEC,phikon,Phikon,10,Recall@10,9,9,1.0
UCEC,uni,UNI,1,Recall@1,9,8,0.8888888888888888
UCEC,uni,UNI,5,Recall@5,9,9,1.0
UCEC,uni,UNI,10,Recall@10,9,9,1.0
UCEC,uni2,UNI2,1,Recall@1,9,9,1.0
UCEC,uni2,UNI2,5,Recall@5,9,9,1.0
UCEC,uni2,UNI2,10,Recall@10,9,9,1.0
UCEC,virchow,Virchow,1,Recall@1,9,8,0.8888888888888888
UCEC,virchow,Virchow,5,Recall@5,9,9,1.0
UCEC,virchow,Virchow,10,Recall@10,9,9,1.0
UCEC,virchow2,Virchow2,1,Recall@1,9,9,1.0
UCEC,virchow2,Virchow2,5,Recall@5,9,9,1.0
UCEC,virchow2,Virchow2,10,Recall@10,9,9,1.0
