model,model_display,scale_pair,n_cases,mean_nps,std_nps,median_nps
gigapath,GigaPath,10× ↔ 2.5×,71,0.2601549463792586,0.048297681957046174,0.2582000195980072
gigapath,GigaPath,40× ↔ 10×,71,0.18165353486235714,0.04485433495421113,0.18250000476837158
gigapath,GigaPath,40× ↔ 2.5×,71,0.11378592341928415,0.031024629357799254,0.11260001361370087
gigapath_flash,GigaPath-Flash,10× ↔ 2.5×,71,0.2492352266546706,0.047299260870162035,0.24950000643730164
gigapath_flash,GigaPath-Flash,40× ↔ 10×,71,0.17949860291162006,0.04482184274987003,0.178600013256073
gigapath_flash,GigaPath-Flash,40× ↔ 2.5×,71,0.1094028254000234,0.028398407977775358,0.108800008893013
midnight,Midnight,10× ↔ 2.5×,71,0.24159719815976183,0.05111726319743792,0.24639999866485596
midnight,Midnight,40× ↔ 10×,71,0.18512818269746403,0.04889865219126371,0.18800000846385956
midnight,Midnight,40× ↔ 2.5×,71,0.11311550039640615,0.03254936008351023,0.11760000884532928
phikon,Phikon,10× ↔ 2.5×,71,0.31120424455320334,0.05258221482465782,0.3068000376224518
phikon,Phikon,40× ↔ 10×,71,0.25931410134678157,0.05906321555391205,0.2624000310897827
phikon,Phikon,40× ↔ 2.5×,71,0.17241550551753648,0.04191365744016198,0.17070001363754272
uni,UNI,10× ↔ 2.5×,71,0.2787774841130619,0.05504956801048286,0.2827000319957733
uni,UNI,40× ↔ 10×,71,0.23802114120671447,0.054411028643432405,0.23320002853870392
uni,UNI,40× ↔ 2.5×,71,0.14117184176411426,0.036518402622221696,0.14220000803470612
uni2,UNI2,10× ↔ 2.5×,71,0.2948676242794789,0.055386794709854005,0.3022000193595886
uni2,UNI2,40× ↔ 10×,71,0.2132957894617403,0.055015603394867316,0.20820000767707825
uni2,UNI2,40× ↔ 2.5×,71,0.14320986812383357,0.039378314153605605,0.1421000063419342
virchow,Virchow,10× ↔ 2.5×,71,0.22249015441662828,0.04879632887400629,0.2249000072479248
virchow,Virchow,40× ↔ 10×,71,0.209681705270015,0.05719791602024956,0.20750002562999725
virchow,Virchow,40× ↔ 2.5×,71,0.12628451503918203,0.035367120795486914,0.12890000641345978
virchow2,Virchow2,10× ↔ 2.5×,71,0.24622114128629927,0.0486836869695583,0.24460001289844513
virchow2,Virchow2,40× ↔ 10×,71,0.1717662087208788,0.04433006233448281,0.17139999568462372
virchow2,Virchow2,40× ↔ 2.5×,71,0.11747888092633704,0.030596117640846503,0.11880000680685043
