model_a,model_a_display,model_b,model_b_display,n_pairs,mean_a,mean_b,mean_difference_a_minus_b,median_difference_a_minus_b,rank_biserial_a_minus_b,wilcoxon_statistic,p_raw,p_holm,significance_holm,significant_holm_0p05
uni,UNI,gigapath_flash,GigaPath-Flash,71,0.21932348902796353,0.17937888498877136,0.0399446040391922,0.040233338872591645,1.0,0.0,2.4294878550805644e-13,6.8025659942255805e-12,****,True
uni2,UNI2,midnight,Midnight,71,0.2171244272883509,0.17994696041787736,0.037177466870473595,0.03746668001015982,1.0,0.0,2.4294878550805644e-13,6.8025659942255805e-12,****,True
phikon,Phikon,virchow,Virchow,71,0.2476446171391738,0.18615212490860844,0.06149249223056533,0.05939999222755435,1.0,0.0,2.429760002086979e-13,6.8025659942255805e-12,****,True
phikon,Phikon,virchow2,Virchow2,71,0.2476446171391738,0.178488743644505,0.06915587349466874,0.06419998655716579,1.0,0.0,2.429760002086979e-13,6.8025659942255805e-12,****,True
phikon,Phikon,midnight,Midnight,71,0.2476446171391738,0.17994696041787736,0.06769765672129646,0.06573333715399106,1.0,0.0,2.429760002086979e-13,6.8025659942255805e-12,****,True
phikon,Phikon,gigapath,GigaPath,71,0.2476446171391738,0.18519813488696663,0.06244648225220716,0.06283334394296011,1.0,0.0,2.429760002086979e-13,6.8025659942255805e-12,****,True
phikon,Phikon,gigapath_flash,GigaPath-Flash,71,0.2476446171391738,0.17937888498877136,0.06826573215040244,0.06816668311754862,1.0,0.0,2.429760002086979e-13,6.8025659942255805e-12,****,True
uni,UNI,virchow,Virchow,71,0.21932348902796353,0.18615212490860844,0.03317136411935511,0.03460000455379486,1.0,0.0,2.429760002086979e-13,6.8025659942255805e-12,****,True
uni,UNI,virchow2,Virchow2,71,0.21932348902796353,0.178488743644505,0.04083474538345852,0.0400666743516922,1.0,0.0,2.429760002086979e-13,6.8025659942255805e-12,****,True
uni,UNI,midnight,Midnight,71,0.21932348902796353,0.17994696041787736,0.039376528610086226,0.039533336957295745,1.0,0.0,2.429760002086979e-13,6.8025659942255805e-12,****,True
uni,UNI,gigapath,GigaPath,71,0.21932348902796353,0.18519813488696663,0.03412535414099693,0.03463333596785864,1.0,0.0,2.429760002086979e-13,6.8025659942255805e-12,****,True
virchow2,Virchow2,uni2,UNI2,71,0.178488743644505,0.2171244272883509,-0.03863568364384589,-0.03883335491021475,-0.9992175273865415,1.0,2.535751594055008e-13,6.8025659942255805e-12,****,True
virchow,Virchow,uni2,UNI2,71,0.18615212490860844,0.2171244272883509,-0.03097230237974248,-0.03156666706005731,-0.9960876369327074,5.0,3.0070444336810076e-13,6.8025659942255805e-12,****,True
phikon,Phikon,uni2,UNI2,71,0.2476446171391738,0.2171244272883509,0.03052018985082286,0.02883334457874298,0.9921752738654147,10.0,3.71848383679385e-13,6.8025659942255805e-12,****,True
uni2,UNI2,gigapath_flash,GigaPath-Flash,71,0.2171244272883509,0.17937888498877136,0.03774554229957957,0.03896667808294296,0.9913928012519562,11.0,3.87901300828894e-13,6.8025659942255805e-12,****,True
uni2,UNI2,gigapath,GigaPath,71,0.2171244272883509,0.18519813488696663,0.0319262924013843,0.033800003429253905,0.9890453834115805,14.0,4.4044782608317177e-13,6.8025659942255805e-12,****,True
phikon,Phikon,uni,UNI,71,0.2476446171391738,0.21932348902796353,0.028321128111210233,0.0266333321730296,0.9835680751173709,21.0,5.916024565271141e-13,7.09922947832537e-12,****,True
gigapath,GigaPath,gigapath_flash,GigaPath-Flash,71,0.18519813488696663,0.17937888498877136,0.005819249898195266,0.0067999958992004395,0.6717527386541471,419.5,8.695452193694528e-07,9.564997413063981e-06,****,True
virchow,Virchow,virchow2,Virchow2,71,0.18615212490860844,0.178488743644505,0.00766338126410341,0.008666664361953735,0.5328638497652582,597.0,9.539398043770335e-05,0.0009539398043770335,***,True
virchow2,Virchow2,gigapath,GigaPath,71,0.178488743644505,0.18519813488696663,-0.006709391242461587,-0.006266665955384568,-0.5242566510172144,608.0,0.00012354145533232,0.00111187309799088,**,True
virchow,Virchow,gigapath_flash,GigaPath-Flash,71,0.18615212490860844,0.17937888498877136,0.0067732399198370905,0.006199995676676423,0.43661971830985913,720.0,0.0013874539131126424,0.01109963130490114,*,True
virchow,Virchow,midnight,Midnight,71,0.18615212490860844,0.17994696041787736,0.0062051644907311085,0.007633330921332032,0.42057902973395933,740.5,0.00207144451150388,0.01450011158052716,*,True
midnight,Midnight,gigapath,GigaPath,71,0.17994696041787736,0.18519813488696663,-0.005251174469089284,-0.005733345945676149,-0.4061032863849765,759.0,0.002941512914375397,0.01764907748625238,*,True
uni,UNI,uni2,UNI2,71,0.21932348902796353,0.2171244272883509,0.0021990617396126337,0.0018333345651626587,0.2269170579029734,988.0,0.0965824916645466,0.482912458322733,ns,False
midnight,Midnight,gigapath_flash,GigaPath-Flash,71,0.17994696041787736,0.17937888498877136,0.000568075429105982,0.003333335121472686,0.09859154929577464,1152.0,0.4703194911812233,1.0,ns,False
virchow2,Virchow2,midnight,Midnight,71,0.178488743644505,0.17994696041787736,-0.0014582167733723007,-0.0013333410024642944,-0.08841940532081377,1165.0,0.5173268664343634,1.0,ns,False
virchow2,Virchow2,gigapath_flash,GigaPath-Flash,71,0.178488743644505,0.17937888498877136,-0.0008901413442663189,-0.0015000030398368835,-0.0782472613458529,1178.0,0.566655013048176,1.0,ns,False
virchow,Virchow,gigapath,GigaPath,71,0.18615212490860844,0.18519813488696663,0.0009539900216418241,-0.0014666567246119089,0.018779342723004695,1254.0,0.8906228991795407,1.0,ns,False
