model,model_display,source_scale,target_scale,direction,pair_key,mean_mgg_balanced_accuracy,std_mgg_balanced_accuracy,mean_mgg_macro_f1,mean_shift_log_loss
gigapath,GigaPath,10x,2p5x,10× → 2.5×,10x__2p5x,0.3943551587301587,0.03418165283337831,0.45512105025285976,1.2367283335999908
gigapath,GigaPath,10x,40x,10× → 40×,40x__10x,0.42871031746031746,0.030620878890291275,0.4522488122636711,1.2200186656844072
gigapath,GigaPath,2p5x,10x,2.5× → 10×,10x__2p5x,0.2660019841269841,0.03365403245484424,0.2816428346164637,0.8730075029634445
gigapath,GigaPath,2p5x,40x,2.5× → 40×,40x__2p5x,0.4395684523809524,0.03408688269101899,0.4589631415865017,1.901081699145361
gigapath,GigaPath,40x,10x,40× → 10×,40x__10x,0.0972271825396825,0.04181752871907441,0.10448687105357032,0.23954419919499487
gigapath,GigaPath,40x,2p5x,40× → 2.5×,40x__2p5x,0.5122371031746031,0.03317839019445461,0.5633270860614445,2.2603812245715615
gigapath_flash,GigaPath-Flash,10x,2p5x,10× → 2.5×,10x__2p5x,0.5342311507936508,0.02971990946976787,0.5672884299150318,1.558276447675
gigapath_flash,GigaPath-Flash,10x,40x,10× → 40×,40x__10x,0.4423511904761904,0.04400087590047454,0.48312854762706064,1.5151413618092686
gigapath_flash,GigaPath-Flash,2p5x,10x,2.5× → 10×,10x__2p5x,0.30828869047619045,0.02495589617813769,0.3556504709020972,2.079285811806123
gigapath_flash,GigaPath-Flash,2p5x,40x,2.5× → 40×,40x__2p5x,0.4595535714285714,0.047896563293353726,0.505996701687649,3.629698199074344
gigapath_flash,GigaPath-Flash,40x,10x,40× → 10×,40x__10x,0.12491567460317461,0.05616834798648109,0.1771726624089829,0.6417422671932297
gigapath_flash,GigaPath-Flash,40x,2p5x,40× → 2.5×,40x__2p5x,0.4976488095238095,0.03547040666664496,0.5550988366366341,2.7170871651542483
midnight,Midnight,10x,2p5x,10× → 2.5×,10x__2p5x,0.016909722222222222,0.031224369493293293,0.016660555669969802,0.07740066754969453
midnight,Midnight,10x,40x,10× → 40×,40x__10x,0.06324900793650794,0.03558156840722191,0.05386064675635107,0.25113395314113485
midnight,Midnight,2p5x,10x,2.5× → 10×,10x__2p5x,0.05558035714285714,0.02555018013621844,0.04786039383321994,0.23743047252866006
midnight,Midnight,2p5x,40x,2.5× → 40×,40x__2p5x,0.17699404761904763,0.02750170667163164,0.1763812353631896,0.6075910792423439
midnight,Midnight,40x,10x,40× → 10×,40x__10x,0.04898313492063492,0.03591808196333301,0.04345398718367831,0.2888202904452692
midnight,Midnight,40x,2p5x,40× → 2.5×,40x__2p5x,0.1273561507936508,0.03211194448444034,0.1288359298189609,0.45058673706082175
phikon,Phikon,10x,2p5x,10× → 2.5×,10x__2p5x,0.617013888888889,0.05264185705983816,0.6545625010042733,1.688023577965921
phikon,Phikon,10x,40x,10× → 40×,40x__10x,0.2333333333333333,0.05363893719011793,0.19417955754271868,0.6285022557149378
phikon,Phikon,2p5x,10x,2.5× → 10×,10x__2p5x,0.2259573412698413,0.04631757382599466,0.22001895733763535,0.7992782728442503
phikon,Phikon,2p5x,40x,2.5× → 40×,40x__2p5x,0.43021825396825397,0.04257117337262579,0.4471411025118434,2.079381533503116
phikon,Phikon,40x,10x,40× → 10×,40x__10x,0.05895337301587302,0.03504791233277495,0.05772404267764514,0.19801554238738908
phikon,Phikon,40x,2p5x,40× → 2.5×,40x__2p5x,0.6206200396825396,0.03313915338331986,0.719039891869815,1.8782177653498686
uni,UNI,10x,2p5x,10× → 2.5×,10x__2p5x,0.6215277777777778,0.0439751283353502,0.6713191693050183,1.3578301272254585
uni,UNI,10x,40x,10× → 40×,40x__10x,0.18757936507936507,0.030783832998956866,0.1767305754555941,0.49271321933686146
uni,UNI,2p5x,10x,2.5× → 10×,10x__2p5x,0.3104166666666667,0.039399071587395494,0.3422644663210688,1.2653086848680406
uni,UNI,2p5x,40x,2.5× → 40×,40x__2p5x,0.40989087301587296,0.04804373085024813,0.46112794004561203,1.6294519645530012
uni,UNI,40x,10x,40× → 10×,40x__10x,0.1378125,0.02059325177513835,0.12256423255762834,0.32934355316327074
uni,UNI,40x,2p5x,40× → 2.5×,40x__2p5x,0.6083134920634921,0.0359473886551831,0.6760869842296113,2.2904060284902403
uni2,UNI2,10x,2p5x,10× → 2.5×,10x__2p5x,0.033764880952380935,0.01871839252549824,0.03741734336355079,0.16473858094624097
uni2,UNI2,10x,40x,10× → 40×,40x__10x,0.26274305555555555,0.03665991517291355,0.29142754575582963,0.7003732200273526
uni2,UNI2,2p5x,10x,2.5× → 10×,10x__2p5x,0.18853174603174608,0.03885029511546922,0.19928284397883472,0.42662590096734443
uni2,UNI2,2p5x,40x,2.5× → 40×,40x__2p5x,0.5325049603174603,0.025295533791188315,0.5784273275936369,1.8633860511773157
uni2,UNI2,40x,10x,40× → 10×,40x__10x,0.12227182539682542,0.04557271251708943,0.13017454365668515,0.04397062684396256
uni2,UNI2,40x,2p5x,40× → 2.5×,40x__2p5x,0.20367559523809523,0.02509875377334195,0.23320094850782053,0.3582780963746258
virchow,Virchow,10x,2p5x,10× → 2.5×,10x__2p5x,0.6415277777777778,0.037442828200242535,0.7195689072010176,3.691598304930951
virchow,Virchow,10x,40x,10× → 40×,40x__10x,0.34025793650793645,0.03690113334601339,0.37717603952403794,1.3798984463311892
virchow,Virchow,2p5x,10x,2.5× → 10×,10x__2p5x,0.36418154761904764,0.03964451613324064,0.4502067958863827,3.2023224152488217
virchow,Virchow,2p5x,40x,2.5× → 40×,40x__2p5x,0.46146825396825397,0.028493816283231003,0.533496425077418,3.891006049879136
virchow,Virchow,40x,10x,40× → 10×,40x__10x,0.1885019841269841,0.034318712329937384,0.191590148257537,1.0992454303168067
virchow,Virchow,40x,2p5x,40× → 2.5×,40x__2p5x,0.5964930555555555,0.02898445399152781,0.676965740933186,4.411556187659049
virchow2,Virchow2,10x,2p5x,10× → 2.5×,10x__2p5x,0.11116071428571428,0.0357336853910415,0.10188569300726891,0.28821579930057645
virchow2,Virchow2,10x,40x,10× → 40×,40x__10x,0.18439980158730157,0.03290397298561929,0.1555619739971403,0.3889321599434336
virchow2,Virchow2,2p5x,10x,2.5× → 10×,10x__2p5x,0.10405257936507932,0.02200690928563493,0.11886692793472813,0.50757865939463
virchow2,Virchow2,2p5x,40x,2.5× → 40×,40x__2p5x,0.4293303571428571,0.03877383595863351,0.46214453691703844,1.2581868702308752
virchow2,Virchow2,40x,10x,40× → 10×,40x__10x,0.04110615079365082,0.021845892978480535,0.061277239438819034,0.21470883475627822
virchow2,Virchow2,40x,2p5x,40× → 2.5×,40x__2p5x,0.21737103174603173,0.04518016844199847,0.24682071064006345,0.8208481426374041
