model,model_display,source_scale,target_scale,mean_balanced_accuracy,std_balanced_accuracy,mean_macro_f1,mean_log_loss
gigapath,GigaPath,10x,10x,0.7991021825396825,0.024153497218421752,0.7977479698019558,0.5862829230685962
gigapath,GigaPath,10x,2p5x,0.4047470238095238,0.047059179180271145,0.34262691954909613,1.8230112566685868
gigapath,GigaPath,10x,40x,0.37039186507936506,0.027095125399774562,0.34549915753828486,1.8063015887530032
gigapath,GigaPath,2p5x,10x,0.46516369047619044,0.036421538304891525,0.4411094116322996,1.9000093251290806
gigapath,GigaPath,2p5x,2p5x,0.7311656746031746,0.03574442567929893,0.7227522462487632,1.0270018221656358
gigapath,GigaPath,2p5x,40x,0.2915972222222222,0.030179628408091436,0.26378910466226163,2.9280835213109966
gigapath,GigaPath,40x,10x,0.5815376984126984,0.034418851394210026,0.5734283478929533,1.3227565780843635
gigapath,GigaPath,40x,2p5x,0.16652777777777777,0.03621675548575483,0.11458813288507907,3.3435936034609304
gigapath,GigaPath,40x,40x,0.6787648809523809,0.03443274591560172,0.6779152189465236,1.0832123788893686
gigapath_flash,GigaPath-Flash,10x,10x,0.8069791666666666,0.015230751488192001,0.8063641612945018,0.5882654283107348
gigapath_flash,GigaPath-Flash,10x,2p5x,0.2727480158730159,0.028522196339892874,0.23907573137946997,2.1465418759857346
gigapath_flash,GigaPath-Flash,10x,40x,0.36462797619047616,0.04316904785179508,0.32323561366744114,2.1034067901200038
gigapath_flash,GigaPath-Flash,2p5x,10x,0.3757837301587302,0.04274330368903499,0.3218910377362111,3.1691320334607562
gigapath_flash,GigaPath-Flash,2p5x,2p5x,0.6840724206349206,0.03690409111499478,0.6775415086383083,1.0898462216546334
gigapath_flash,GigaPath-Flash,2p5x,40x,0.22451884920634924,0.03895170715381539,0.1715448069506593,4.719544420728978
gigapath_flash,GigaPath-Flash,40x,10x,0.5387103174603174,0.03686209896057359,0.4855353105176433,1.8251142982371271
gigapath_flash,GigaPath-Flash,40x,2p5x,0.16597718253968252,0.03177564592670032,0.10760913628999214,3.9004591961981463
gigapath_flash,GigaPath-Flash,40x,40x,0.6636259920634922,0.04625348224631535,0.6627079729266262,1.183372031043897
midnight,Midnight,10x,10x,0.876483134920635,0.01611088661242058,0.8764249003723951,0.47236547437450527
midnight,Midnight,10x,2p5x,0.8595734126984127,0.025523638455350366,0.8597643447024252,0.5497661419241997
midnight,Midnight,10x,40x,0.813234126984127,0.029955104841052793,0.8225642536160439,0.7234994275156401
midnight,Midnight,2p5x,10x,0.8356398809523811,0.02548402218285149,0.8428222131409893,0.6491455958714267
midnight,Midnight,2p5x,2p5x,0.8912202380952381,0.013937776143218929,0.8906826069742092,0.4117151233427667
midnight,Midnight,2p5x,40x,0.7142261904761905,0.03280788950113462,0.7143013716110196,1.0193062025851107
midnight,Midnight,40x,10x,0.8011111111111111,0.028679703563242478,0.8051731412992937,0.8277107699818222
midnight,Midnight,40x,2p5x,0.7227380952380952,0.03286269445576342,0.7197911986640113,0.9894772165973749
midnight,Midnight,40x,40x,0.8500942460317461,0.018085245354626425,0.8486271284829721,0.538890479536553
phikon,Phikon,10x,10x,0.8291468253968255,0.037868573663688315,0.8311396348497153,0.5684288330829208
phikon,Phikon,10x,2p5x,0.21213293650793646,0.03572090038930669,0.17657713384544202,2.2564524110488415
phikon,Phikon,10x,40x,0.5958134920634921,0.024621915332111215,0.6369600773069966,1.1969310887978586
phikon,Phikon,2p5x,10x,0.41778273809523814,0.043542410500734256,0.40679811454013615,1.986032988598853
phikon,Phikon,2p5x,2p5x,0.6437400793650794,0.014426515760774835,0.6268170718777715,1.1867547157546026
phikon,Phikon,2p5x,40x,0.2135218253968254,0.045154301398031484,0.17967596936592808,3.266136249257719
phikon,Phikon,40x,10x,0.6872569444444444,0.04108112207910816,0.6952026346182272,1.0511284540541
phikon,Phikon,40x,2p5x,0.1255902777777778,0.018971633906700005,0.033886785426057366,2.731330677016579
phikon,Phikon,40x,40x,0.7462103174603174,0.03958541354547752,0.7529266772958724,0.8531129116667108
uni,UNI,10x,10x,0.8288888888888888,0.01717298870334722,0.82378656254792,0.6280374977037944
uni,UNI,10x,2p5x,0.2073611111111111,0.04747227504710668,0.15246739324290173,1.9858676249292528
uni,UNI,10x,40x,0.6413095238095238,0.029507267905542568,0.6470559870923259,1.1207507170406559
uni,UNI,2p5x,10x,0.39626488095238094,0.03824025552962313,0.35684262622070534,2.1765099244486485
uni,UNI,2p5x,2p5x,0.7066815476190476,0.030235792649609915,0.6991070925417742,0.9112012395806077
uni,UNI,2p5x,40x,0.2967906746031746,0.038600818439964636,0.23797915249616214,2.540653204133609
uni,UNI,40x,10x,0.611125992063492,0.028036351724312576,0.628280529902047,1.1607506938550265
uni,UNI,40x,2p5x,0.140625,0.02423656434186566,0.07475777823006391,3.1218131691819964
uni,UNI,40x,40x,0.7489384920634921,0.024058377183189504,0.7508447624596754,0.8314071406917558
uni2,UNI2,10x,10x,0.8609077380952381,0.01553925744321897,0.8601242187465097,0.3940562656256211
uni2,UNI2,10x,2p5x,0.8271428571428572,0.01996838141497226,0.822706875382959,0.5587948465718622
uni2,UNI2,10x,40x,0.5981646825396825,0.034124805106596115,0.5686966729906802,1.0944294856529737
uni2,UNI2,2p5x,10x,0.697063492063492,0.030722641850908686,0.6850762754663915,0.7522734390186758
uni2,UNI2,2p5x,2p5x,0.8855952380952381,0.019126613643253784,0.8843591194452263,0.3256475380513314
uni2,UNI2,2p5x,40x,0.35309027777777774,0.02312003501180715,0.3059317918515894,2.189033589228647
uni2,UNI2,40x,10x,0.6890376984126985,0.050378014558307524,0.6835269103377508,0.8224832705489963
uni2,UNI2,40x,2p5x,0.6076339285714286,0.022708931303636718,0.5805005054866154,1.1367907400796597
uni2,UNI2,40x,40x,0.8113095238095237,0.022000485170482618,0.8137014539944358,0.7785126437050337
virchow,Virchow,10x,10x,0.7819246031746031,0.03590216266329404,0.7791273764290405,0.6436692090548786
virchow,Virchow,10x,2p5x,0.1403968253968254,0.017672475601707534,0.05955846922802286,4.335267513985829
virchow,Virchow,10x,40x,0.4416666666666667,0.0418220495491343,0.4019513369050026,2.023567655386068
virchow,Virchow,2p5x,10x,0.2875248015873016,0.02415254416537716,0.1873737486578767,4.585050508167491
virchow,Virchow,2p5x,2p5x,0.6517063492063493,0.019971111203732517,0.6375805445442594,1.3827280929186696
virchow,Virchow,2p5x,40x,0.19023809523809523,0.02536145850946643,0.1040841194668413,5.273734142797806
virchow,Virchow,40x,10x,0.536686507936508,0.0248136346401481,0.532149812925258,1.9781211618509538
virchow,Virchow,40x,2p5x,0.12869543650793652,0.017262193794586038,0.046774220249609096,5.290431919193196
virchow,Virchow,40x,40x,0.725188492063492,0.03192565201394915,0.723739961182795,0.8788757315341471
virchow2,Virchow2,10x,10x,0.8576438492063492,0.02245879798305473,0.8528939689911053,0.5570520710918794
virchow2,Virchow2,10x,2p5x,0.7464831349206349,0.04009341037111179,0.7510082759838362,0.8452678703924559
virchow2,Virchow2,10x,40x,0.6732440476190475,0.03501633748978405,0.6973319949939649,0.945984231035313
virchow2,Virchow2,2p5x,10x,0.7509126984126985,0.022991726314328054,0.7300060664384598,0.9881745112761517
virchow2,Virchow2,2p5x,2p5x,0.8549652777777779,0.01892143421050065,0.848872994373188,0.48059585188152176
virchow2,Virchow2,2p5x,40x,0.42563492063492064,0.024991554223414963,0.3867284574561494,1.738782722112397
virchow2,Virchow2,40x,10x,0.7448164682539682,0.025053474542375564,0.7237728097243762,0.952908530807313
virchow2,Virchow2,40x,2p5x,0.5685515873015873,0.03379506671056608,0.5382293385231318,1.5590478386884388
virchow2,Virchow2,40x,40x,0.7859226190476191,0.026027315059427673,0.7850500491631953,0.7381996960510347
