case_id,cancer,model,model_display,mean_shift_loss,shift_robustness,n_shift_observations
TCGA-55-6986-01Z-00-DX1.ae52d41e-3cd6-4d36-b04b-2ea7d29bd8da,LUAD,gigapath,GigaPath,0.8375657939391119,-0.8375657939391119,60
TCGA-55-6986-01Z-00-DX1.ae52d41e-3cd6-4d36-b04b-2ea7d29bd8da,LUAD,gigapath_flash,GigaPath-Flash,3.3700799415150895,-3.3700799415150895,60
TCGA-55-6986-01Z-00-DX1.ae52d41e-3cd6-4d36-b04b-2ea7d29bd8da,LUAD,midnight,Midnight,0.07243550134056952,-0.07243550134056952,60
TCGA-55-6986-01Z-00-DX1.ae52d41e-3cd6-4d36-b04b-2ea7d29bd8da,LUAD,phikon,Phikon,1.4662316365642292,-1.4662316365642292,60
TCGA-55-6986-01Z-00-DX1.ae52d41e-3cd6-4d36-b04b-2ea7d29bd8da,LUAD,uni,UNI,1.6546460347239018,-1.6546460347239018,60
TCGA-55-6986-01Z-00-DX1.ae52d41e-3cd6-4d36-b04b-2ea7d29bd8da,LUAD,uni2,UNI2,0.018691435487495352,-0.018691435487495352,60
TCGA-55-6986-01Z-00-DX1.ae52d41e-3cd6-4d36-b04b-2ea7d29bd8da,LUAD,virchow,Virchow,2.404960731374771,-2.404960731374771,60
TCGA-55-6986-01Z-00-DX1.ae52d41e-3cd6-4d36-b04b-2ea7d29bd8da,LUAD,virchow2,Virchow2,0.08679402172954558,-0.08679402172954558,60
TCGA-64-5779-01Z-00-DX1.B3268447-DCE0-4927-B5A9-EC4D61E9B17D,LUAD,gigapath,GigaPath,-1.0879349564856193,1.0879349564856193,60
TCGA-64-5779-01Z-00-DX1.B3268447-DCE0-4927-B5A9-EC4D61E9B17D,LUAD,gigapath_flash,GigaPath-Flash,-0.269063415229917,0.269063415229917,60
TCGA-64-5779-01Z-00-DX1.B3268447-DCE0-4927-B5A9-EC4D61E9B17D,LUAD,midnight,Midnight,0.08888184348300535,-0.08888184348300535,60
TCGA-64-5779-01Z-00-DX1.B3268447-DCE0-4927-B5A9-EC4D61E9B17D,LUAD,phikon,Phikon,-1.150741151122911,1.150741151122911,60
TCGA-64-5779-01Z-00-DX1.B3268447-DCE0-4927-B5A9-EC4D61E9B17D,LUAD,uni,UNI,-0.30766501149746867,0.30766501149746867,60
TCGA-64-5779-01Z-00-DX1.B3268447-DCE0-4927-B5A9-EC4D61E9B17D,LUAD,uni2,UNI2,-0.8045270970639145,0.8045270970639145,60
TCGA-64-5779-01Z-00-DX1.B3268447-DCE0-4927-B5A9-EC4D61E9B17D,LUAD,virchow,Virchow,0.893998667269552,-0.893998667269552,60
TCGA-64-5779-01Z-00-DX1.B3268447-DCE0-4927-B5A9-EC4D61E9B17D,LUAD,virchow2,Virchow2,0.18412235415978273,-0.18412235415978273,60
TCGA-78-7158-01Z-00-DX1.74db3dcd-2715-4ce7-8e48-30c8b7946ba0,LUAD,gigapath,GigaPath,1.5704753220347902,-1.5704753220347902,60
TCGA-78-7158-01Z-00-DX1.74db3dcd-2715-4ce7-8e48-30c8b7946ba0,LUAD,gigapath_flash,GigaPath-Flash,3.0877011143008373,-3.0877011143008373,60
TCGA-78-7158-01Z-00-DX1.74db3dcd-2715-4ce7-8e48-30c8b7946ba0,LUAD,midnight,Midnight,0.1912464753399915,-0.1912464753399915,60
TCGA-78-7158-01Z-00-DX1.74db3dcd-2715-4ce7-8e48-30c8b7946ba0,LUAD,phikon,Phikon,1.8766100726421193,-1.8766100726421193,60
TCGA-78-7158-01Z-00-DX1.74db3dcd-2715-4ce7-8e48-30c8b7946ba0,LUAD,uni,UNI,1.849971872625665,-1.849971872625665,60
TCGA-78-7158-01Z-00-DX1.74db3dcd-2715-4ce7-8e48-30c8b7946ba0,LUAD,uni2,UNI2,0.035720750928675625,-0.035720750928675625,60
TCGA-78-7158-01Z-00-DX1.74db3dcd-2715-4ce7-8e48-30c8b7946ba0,LUAD,virchow,Virchow,3.3766153840447077,-3.3766153840447077,60
TCGA-78-7158-01Z-00-DX1.74db3dcd-2715-4ce7-8e48-30c8b7946ba0,LUAD,virchow2,Virchow2,0.36383186640517085,-0.36383186640517085,60
TCGA-78-7163-01Z-00-DX1.42880bdf-271d-41dd-aada-e7ec1156ff31,LUAD,gigapath,GigaPath,1.4225119440129101,-1.4225119440129101,60
TCGA-78-7163-01Z-00-DX1.42880bdf-271d-41dd-aada-e7ec1156ff31,LUAD,gigapath_flash,GigaPath-Flash,2.7377895468678455,-2.7377895468678455,60
TCGA-78-7163-01Z-00-DX1.42880bdf-271d-41dd-aada-e7ec1156ff31,LUAD,midnight,Midnight,0.13073046460161852,-0.13073046460161852,60
TCGA-78-7163-01Z-00-DX1.42880bdf-271d-41dd-aada-e7ec1156ff31,LUAD,phikon,Phikon,1.9616582332767623,-1.9616582332767623,60
TCGA-78-7163-01Z-00-DX1.42880bdf-271d-41dd-aada-e7ec1156ff31,LUAD,uni,UNI,2.7950359169048204,-2.7950359169048204,60
TCGA-78-7163-01Z-00-DX1.42880bdf-271d-41dd-aada-e7ec1156ff31,LUAD,uni2,UNI2,0.1508184519172586,-0.1508184519172586,60
TCGA-78-7163-01Z-00-DX1.42880bdf-271d-41dd-aada-e7ec1156ff31,LUAD,virchow,Virchow,4.069511368909659,-4.069511368909659,60
TCGA-78-7163-01Z-00-DX1.42880bdf-271d-41dd-aada-e7ec1156ff31,LUAD,virchow2,Virchow2,0.45879791550648635,-0.45879791550648635,60
TCGA-78-7536-01Z-00-DX1.6b066140-8b82-40a5-bd48-430eeb4463fe,LUAD,gigapath,GigaPath,1.8466510907794644,-1.8466510907794644,60
TCGA-78-7536-01Z-00-DX1.6b066140-8b82-40a5-bd48-430eeb4463fe,LUAD,gigapath_flash,GigaPath-Flash,2.9915839946683938,-2.9915839946683938,60
TCGA-78-7536-01Z-00-DX1.6b066140-8b82-40a5-bd48-430eeb4463fe,LUAD,midnight,Midnight,0.19474606387364332,-0.19474606387364332,60
TCGA-78-7536-01Z-00-DX1.6b066140-8b82-40a5-bd48-430eeb4463fe,LUAD,phikon,Phikon,1.6441618803215114,-1.6441618803215114,60
TCGA-78-7536-01Z-00-DX1.6b066140-8b82-40a5-bd48-430eeb4463fe,LUAD,uni,UNI,2.1708265236179827,-2.1708265236179827,60
TCGA-78-7536-01Z-00-DX1.6b066140-8b82-40a5-bd48-430eeb4463fe,LUAD,uni2,UNI2,0.20188817406657864,-0.20188817406657864,60
TCGA-78-7536-01Z-00-DX1.6b066140-8b82-40a5-bd48-430eeb4463fe,LUAD,virchow,Virchow,3.1845508326666403,-3.1845508326666403,60
TCGA-78-7536-01Z-00-DX1.6b066140-8b82-40a5-bd48-430eeb4463fe,LUAD,virchow2,Virchow2,1.3313532348458745,-1.3313532348458745,60
TCGA-86-8668-01Z-00-DX1.d720d486-02c7-4f98-8feb-e0e50a12c158,LUAD,gigapath,GigaPath,0.28234433883333104,-0.28234433883333104,60
TCGA-86-8668-01Z-00-DX1.d720d486-02c7-4f98-8feb-e0e50a12c158,LUAD,gigapath_flash,GigaPath-Flash,1.9400779231530796,-1.9400779231530796,60
TCGA-86-8668-01Z-00-DX1.d720d486-02c7-4f98-8feb-e0e50a12c158,LUAD,midnight,Midnight,0.12548465728120103,-0.12548465728120103,60
TCGA-86-8668-01Z-00-DX1.d720d486-02c7-4f98-8feb-e0e50a12c158,LUAD,phikon,Phikon,1.6254003803674697,-1.6254003803674697,60
TCGA-86-8668-01Z-00-DX1.d720d486-02c7-4f98-8feb-e0e50a12c158,LUAD,uni,UNI,1.5259005511797903,-1.5259005511797903,60
TCGA-86-8668-01Z-00-DX1.d720d486-02c7-4f98-8feb-e0e50a12c158,LUAD,uni2,UNI2,0.00013428335083261333,-0.00013428335083261333,60
TCGA-86-8668-01Z-00-DX1.d720d486-02c7-4f98-8feb-e0e50a12c158,LUAD,virchow,Virchow,1.6189788981182203,-1.6189788981182203,60
TCGA-86-8668-01Z-00-DX1.d720d486-02c7-4f98-8feb-e0e50a12c158,LUAD,virchow2,Virchow2,0.19091344621599912,-0.19091344621599912,60
TCGA-97-A4LX-01Z-00-DX1.B2334672-A626-4E74-B4D1-A79F70F65909,LUAD,gigapath,GigaPath,1.5565886102947752,-1.5565886102947752,60
TCGA-97-A4LX-01Z-00-DX1.B2334672-A626-4E74-B4D1-A79F70F65909,LUAD,gigapath_flash,GigaPath-Flash,2.842216192704948,-2.842216192704948,60
TCGA-97-A4LX-01Z-00-DX1.B2334672-A626-4E74-B4D1-A79F70F65909,LUAD,midnight,Midnight,0.06746577956804266,-0.06746577956804266,60
TCGA-97-A4LX-01Z-00-DX1.B2334672-A626-4E74-B4D1-A79F70F65909,LUAD,phikon,Phikon,1.590324713885955,-1.590324713885955,60
TCGA-97-A4LX-01Z-00-DX1.B2334672-A626-4E74-B4D1-A79F70F65909,LUAD,uni,UNI,1.701185002948938,-1.701185002948938,60
TCGA-97-A4LX-01Z-00-DX1.B2334672-A626-4E74-B4D1-A79F70F65909,LUAD,uni2,UNI2,0.070743949311538,-0.070743949311538,60
TCGA-97-A4LX-01Z-00-DX1.B2334672-A626-4E74-B4D1-A79F70F65909,LUAD,virchow,Virchow,3.3567529770421896,-3.3567529770421896,60
TCGA-97-A4LX-01Z-00-DX1.B2334672-A626-4E74-B4D1-A79F70F65909,LUAD,virchow2,Virchow2,0.07893483149130595,-0.07893483149130595,60
TCGA-97-A4M2-01Z-00-DX1.5C72522C-1538-4D68-B517-5FB05A9D401A,LUAD,gigapath,GigaPath,1.3445264430559547,-1.3445264430559547,60
TCGA-97-A4M2-01Z-00-DX1.5C72522C-1538-4D68-B517-5FB05A9D401A,LUAD,gigapath_flash,GigaPath-Flash,3.1061173284424957,-3.1061173284424957,60
TCGA-97-A4M2-01Z-00-DX1.5C72522C-1538-4D68-B517-5FB05A9D401A,LUAD,midnight,Midnight,0.06605485374359805,-0.06605485374359805,60
TCGA-97-A4M2-01Z-00-DX1.5C72522C-1538-4D68-B517-5FB05A9D401A,LUAD,phikon,Phikon,1.8163789939132893,-1.8163789939132893,60
TCGA-97-A4M2-01Z-00-DX1.5C72522C-1538-4D68-B517-5FB05A9D401A,LUAD,uni,UNI,1.9874008836711652,-1.9874008836711652,60
TCGA-97-A4M2-01Z-00-DX1.5C72522C-1538-4D68-B517-5FB05A9D401A,LUAD,uni2,UNI2,0.10711307512795322,-0.10711307512795322,60
TCGA-97-A4M2-01Z-00-DX1.5C72522C-1538-4D68-B517-5FB05A9D401A,LUAD,virchow,Virchow,3.131723968331139,-3.131723968331139,60
TCGA-97-A4M2-01Z-00-DX1.5C72522C-1538-4D68-B517-5FB05A9D401A,LUAD,virchow2,Virchow2,0.19978105511458183,-0.19978105511458183,60
TCGA-A3-3346-01Z-00-DX1.95280216-fd71-4a03-b452-6e3d667f2542,KIRC,gigapath,GigaPath,1.370441001806537,-1.370441001806537,60
TCGA-A3-3346-01Z-00-DX1.95280216-fd71-4a03-b452-6e3d667f2542,KIRC,gigapath_flash,GigaPath-Flash,1.2944011539805296,-1.2944011539805296,60
TCGA-A3-3346-01Z-00-DX1.95280216-fd71-4a03-b452-6e3d667f2542,KIRC,midnight,Midnight,0.7736687098074116,-0.7736687098074116,60
TCGA-A3-3346-01Z-00-DX1.95280216-fd71-4a03-b452-6e3d667f2542,KIRC,phikon,Phikon,1.7609441106087629,-1.7609441106087629,60
TCGA-A3-3346-01Z-00-DX1.95280216-fd71-4a03-b452-6e3d667f2542,KIRC,uni,UNI,0.6415154914889803,-0.6415154914889803,60
TCGA-A3-3346-01Z-00-DX1.95280216-fd71-4a03-b452-6e3d667f2542,KIRC,uni2,UNI2,0.3620329920275425,-0.3620329920275425,60
TCGA-A3-3346-01Z-00-DX1.95280216-fd71-4a03-b452-6e3d667f2542,KIRC,virchow,Virchow,2.751198173288448,-2.751198173288448,60
TCGA-A3-3346-01Z-00-DX1.95280216-fd71-4a03-b452-6e3d667f2542,KIRC,virchow2,Virchow2,0.4026454405112712,-0.4026454405112712,60
TCGA-A3-A8CQ-01Z-00-DX1.78DA0827-5FB8-4B9F-A845-22F85830B5FB,KIRC,gigapath,GigaPath,2.0993311543847226,-2.0993311543847226,60
TCGA-A3-A8CQ-01Z-00-DX1.78DA0827-5FB8-4B9F-A845-22F85830B5FB,KIRC,gigapath_flash,GigaPath-Flash,2.3214250947478097,-2.3214250947478097,60
TCGA-A3-A8CQ-01Z-00-DX1.78DA0827-5FB8-4B9F-A845-22F85830B5FB,KIRC,midnight,Midnight,0.40689884868387366,-0.40689884868387366,60
TCGA-A3-A8CQ-01Z-00-DX1.78DA0827-5FB8-4B9F-A845-22F85830B5FB,KIRC,phikon,Phikon,1.97881901222944,-1.97881901222944,60
TCGA-A3-A8CQ-01Z-00-DX1.78DA0827-5FB8-4B9F-A845-22F85830B5FB,KIRC,uni,UNI,0.8329198389280752,-0.8329198389280752,60
TCGA-A3-A8CQ-01Z-00-DX1.78DA0827-5FB8-4B9F-A845-22F85830B5FB,KIRC,uni2,UNI2,0.09136384841297425,-0.09136384841297425,60
TCGA-A3-A8CQ-01Z-00-DX1.78DA0827-5FB8-4B9F-A845-22F85830B5FB,KIRC,virchow,Virchow,3.5819279495971057,-3.5819279495971057,60
TCGA-A3-A8CQ-01Z-00-DX1.78DA0827-5FB8-4B9F-A845-22F85830B5FB,KIRC,virchow2,Virchow2,0.2988251940957657,-0.2988251940957657,60
TCGA-A5-A0GX-01Z-00-DX1.7E713D1A-5858-4648-957D-77189E43CFAA,UCEC,gigapath,GigaPath,0.4890576150444714,-0.4890576150444714,60
TCGA-A5-A0GX-01Z-00-DX1.7E713D1A-5858-4648-957D-77189E43CFAA,UCEC,gigapath_flash,GigaPath-Flash,1.562297971596263,-1.562297971596263,60
TCGA-A5-A0GX-01Z-00-DX1.7E713D1A-5858-4648-957D-77189E43CFAA,UCEC,midnight,Midnight,0.4115531858455278,-0.4115531858455278,60
TCGA-A5-A0GX-01Z-00-DX1.7E713D1A-5858-4648-957D-77189E43CFAA,UCEC,phikon,Phikon,1.8417729406822205,-1.8417729406822205,60
TCGA-A5-A0GX-01Z-00-DX1.7E713D1A-5858-4648-957D-77189E43CFAA,UCEC,uni,UNI,1.4398302825361926,-1.4398302825361926,60
TCGA-A5-A0GX-01Z-00-DX1.7E713D1A-5858-4648-957D-77189E43CFAA,UCEC,uni2,UNI2,0.07087665217197164,-0.07087665217197164,60
TCGA-A5-A0GX-01Z-00-DX1.7E713D1A-5858-4648-957D-77189E43CFAA,UCEC,virchow,Virchow,3.1306575372138363,-3.1306575372138363,60
TCGA-A5-A0GX-01Z-00-DX1.7E713D1A-5858-4648-957D-77189E43CFAA,UCEC,virchow2,Virchow2,0.3374261725376513,-0.3374261725376513,60
TCGA-A5-A0R7-01Z-00-DX1.D21E6974-22A3-4A68-8B4E-14E84A7A50A5,UCEC,gigapath,GigaPath,1.787934884540166,-1.787934884540166,60
TCGA-A5-A0R7-01Z-00-DX1.D21E6974-22A3-4A68-8B4E-14E84A7A50A5,UCEC,gigapath_flash,GigaPath-Flash,3.0949517225476626,-3.0949517225476626,60
TCGA-A5-A0R7-01Z-00-DX1.D21E6974-22A3-4A68-8B4E-14E84A7A50A5,UCEC,midnight,Midnight,0.8423342144515611,-0.8423342144515611,60
TCGA-A5-A0R7-01Z-00-DX1.D21E6974-22A3-4A68-8B4E-14E84A7A50A5,UCEC,phikon,Phikon,1.951026200930176,-1.951026200930176,60
TCGA-A5-A0R7-01Z-00-DX1.D21E6974-22A3-4A68-8B4E-14E84A7A50A5,UCEC,uni,UNI,2.3278264082620552,-2.3278264082620552,60
TCGA-A5-A0R7-01Z-00-DX1.D21E6974-22A3-4A68-8B4E-14E84A7A50A5,UCEC,uni2,UNI2,0.4412577196181126,-0.4412577196181126,60
TCGA-A5-A0R7-01Z-00-DX1.D21E6974-22A3-4A68-8B4E-14E84A7A50A5,UCEC,virchow,Virchow,3.980413875635134,-3.980413875635134,60
TCGA-A5-A0R7-01Z-00-DX1.D21E6974-22A3-4A68-8B4E-14E84A7A50A5,UCEC,virchow2,Virchow2,1.059330457848257,-1.059330457848257,60
TCGA-A7-A2KD-01Z-00-DX1.BFF2DFC8-1D95-4DC2-98FC-5BD7D7C6CDF5,BRCA,gigapath,GigaPath,0.2884603267271887,-0.2884603267271887,60
TCGA-A7-A2KD-01Z-00-DX1.BFF2DFC8-1D95-4DC2-98FC-5BD7D7C6CDF5,BRCA,gigapath_flash,GigaPath-Flash,2.4001113224963224,-2.4001113224963224,60
TCGA-A7-A2KD-01Z-00-DX1.BFF2DFC8-1D95-4DC2-98FC-5BD7D7C6CDF5,BRCA,midnight,Midnight,0.8401463784779518,-0.8401463784779518,60
TCGA-A7-A2KD-01Z-00-DX1.BFF2DFC8-1D95-4DC2-98FC-5BD7D7C6CDF5,BRCA,phikon,Phikon,2.674921046283584,-2.674921046283584,60
TCGA-A7-A2KD-01Z-00-DX1.BFF2DFC8-1D95-4DC2-98FC-5BD7D7C6CDF5,BRCA,uni,UNI,1.213834351253569,-1.213834351253569,60
TCGA-A7-A2KD-01Z-00-DX1.BFF2DFC8-1D95-4DC2-98FC-5BD7D7C6CDF5,BRCA,uni2,UNI2,0.9873055865643204,-0.9873055865643204,60
TCGA-A7-A2KD-01Z-00-DX1.BFF2DFC8-1D95-4DC2-98FC-5BD7D7C6CDF5,BRCA,virchow,Virchow,1.1576582922687593,-1.1576582922687593,60
TCGA-A7-A2KD-01Z-00-DX1.BFF2DFC8-1D95-4DC2-98FC-5BD7D7C6CDF5,BRCA,virchow2,Virchow2,0.36322995728684243,-0.36322995728684243,60
TCGA-AK-3444-01Z-00-DX1.1F0E0B47-29FF-456F-800A-539983FDCFAA,KIRC,gigapath,GigaPath,1.9181728913647011,-1.9181728913647011,60
TCGA-AK-3444-01Z-00-DX1.1F0E0B47-29FF-456F-800A-539983FDCFAA,KIRC,gigapath_flash,GigaPath-Flash,2.5139169034712285,-2.5139169034712285,60
TCGA-AK-3444-01Z-00-DX1.1F0E0B47-29FF-456F-800A-539983FDCFAA,KIRC,midnight,Midnight,0.6328634456194128,-0.6328634456194128,60
TCGA-AK-3444-01Z-00-DX1.1F0E0B47-29FF-456F-800A-539983FDCFAA,KIRC,phikon,Phikon,0.9114318272222168,-0.9114318272222168,60
TCGA-AK-3444-01Z-00-DX1.1F0E0B47-29FF-456F-800A-539983FDCFAA,KIRC,uni,UNI,1.235908278766437,-1.235908278766437,60
TCGA-AK-3444-01Z-00-DX1.1F0E0B47-29FF-456F-800A-539983FDCFAA,KIRC,uni2,UNI2,0.04949144530139727,-0.04949144530139727,60
TCGA-AK-3444-01Z-00-DX1.1F0E0B47-29FF-456F-800A-539983FDCFAA,KIRC,virchow,Virchow,3.3468795153223763,-3.3468795153223763,60
TCGA-AK-3444-01Z-00-DX1.1F0E0B47-29FF-456F-800A-539983FDCFAA,KIRC,virchow2,Virchow2,0.5637746565180796,-0.5637746565180796,60
TCGA-AN-A0G0-01Z-00-DX1.BE0BB5DF-DEDA-48D8-B5D8-2735C767F28F,BRCA,gigapath,GigaPath,1.5540662859995165,-1.5540662859995165,60
TCGA-AN-A0G0-01Z-00-DX1.BE0BB5DF-DEDA-48D8-B5D8-2735C767F28F,BRCA,gigapath_flash,GigaPath-Flash,2.537331302064792,-2.537331302064792,60
TCGA-AN-A0G0-01Z-00-DX1.BE0BB5DF-DEDA-48D8-B5D8-2735C767F28F,BRCA,midnight,Midnight,-0.040275170374321816,0.040275170374321816,60
TCGA-AN-A0G0-01Z-00-DX1.BE0BB5DF-DEDA-48D8-B5D8-2735C767F28F,BRCA,phikon,Phikon,1.7610168587778763,-1.7610168587778763,60
TCGA-AN-A0G0-01Z-00-DX1.BE0BB5DF-DEDA-48D8-B5D8-2735C767F28F,BRCA,uni,UNI,1.0633306927322954,-1.0633306927322954,60
TCGA-AN-A0G0-01Z-00-DX1.BE0BB5DF-DEDA-48D8-B5D8-2735C767F28F,BRCA,uni2,UNI2,1.1366133243111054,-1.1366133243111054,60
TCGA-AN-A0G0-01Z-00-DX1.BE0BB5DF-DEDA-48D8-B5D8-2735C767F28F,BRCA,virchow,Virchow,3.217750719056695,-3.217750719056695,60
TCGA-AN-A0G0-01Z-00-DX1.BE0BB5DF-DEDA-48D8-B5D8-2735C767F28F,BRCA,virchow2,Virchow2,0.9466424931660186,-0.9466424931660186,60
TCGA-AQ-A04L-01Z-00-DX1.F35BF4DD-896A-43C2-8DA6-C67945C003BE,BRCA,gigapath,GigaPath,2.547643739458057,-2.547643739458057,60
TCGA-AQ-A04L-01Z-00-DX1.F35BF4DD-896A-43C2-8DA6-C67945C003BE,BRCA,gigapath_flash,GigaPath-Flash,2.3072303353178962,-2.3072303353178962,60
TCGA-AQ-A04L-01Z-00-DX1.F35BF4DD-896A-43C2-8DA6-C67945C003BE,BRCA,midnight,Midnight,0.3768905374564382,-0.3768905374564382,60
TCGA-AQ-A04L-01Z-00-DX1.F35BF4DD-896A-43C2-8DA6-C67945C003BE,BRCA,phikon,Phikon,3.0984967498813067,-3.0984967498813067,60
TCGA-AQ-A04L-01Z-00-DX1.F35BF4DD-896A-43C2-8DA6-C67945C003BE,BRCA,uni,UNI,2.0279410838212777,-2.0279410838212777,60
TCGA-AQ-A04L-01Z-00-DX1.F35BF4DD-896A-43C2-8DA6-C67945C003BE,BRCA,uni2,UNI2,0.24052363100343296,-0.24052363100343296,60
TCGA-AQ-A04L-01Z-00-DX1.F35BF4DD-896A-43C2-8DA6-C67945C003BE,BRCA,virchow,Virchow,1.949504676198822,-1.949504676198822,60
TCGA-AQ-A04L-01Z-00-DX1.F35BF4DD-896A-43C2-8DA6-C67945C003BE,BRCA,virchow2,Virchow2,0.586789988955129,-0.586789988955129,60
TCGA-AR-A2LK-01Z-00-DX1.FBD59C38-CD4E-4C22-BC74-A57C192A9BBC,BRCA,gigapath,GigaPath,1.4666355233856914,-1.4666355233856914,60
TCGA-AR-A2LK-01Z-00-DX1.FBD59C38-CD4E-4C22-BC74-A57C192A9BBC,BRCA,gigapath_flash,GigaPath-Flash,2.5860042486831745,-2.5860042486831745,60
TCGA-AR-A2LK-01Z-00-DX1.FBD59C38-CD4E-4C22-BC74-A57C192A9BBC,BRCA,midnight,Midnight,0.28667608423434204,-0.28667608423434204,60
TCGA-AR-A2LK-01Z-00-DX1.FBD59C38-CD4E-4C22-BC74-A57C192A9BBC,BRCA,phikon,Phikon,1.773176821922995,-1.773176821922995,60
TCGA-AR-A2LK-01Z-00-DX1.FBD59C38-CD4E-4C22-BC74-A57C192A9BBC,BRCA,uni,UNI,0.9776579207056488,-0.9776579207056488,60
TCGA-AR-A2LK-01Z-00-DX1.FBD59C38-CD4E-4C22-BC74-A57C192A9BBC,BRCA,uni2,UNI2,0.6068931893566797,-0.6068931893566797,60
TCGA-AR-A2LK-01Z-00-DX1.FBD59C38-CD4E-4C22-BC74-A57C192A9BBC,BRCA,virchow,Virchow,2.6981144904195844,-2.6981144904195844,60
TCGA-AR-A2LK-01Z-00-DX1.FBD59C38-CD4E-4C22-BC74-A57C192A9BBC,BRCA,virchow2,Virchow2,0.2888667269464161,-0.2888667269464161,60
TCGA-AR-A5QM-01Z-00-DX1.A9017CED-FF57-4090-95B9-94DC91854347,BRCA,gigapath,GigaPath,1.646347432768025,-1.646347432768025,60
TCGA-AR-A5QM-01Z-00-DX1.A9017CED-FF57-4090-95B9-94DC91854347,BRCA,gigapath_flash,GigaPath-Flash,2.6868905452726284,-2.6868905452726284,60
TCGA-AR-A5QM-01Z-00-DX1.A9017CED-FF57-4090-95B9-94DC91854347,BRCA,midnight,Midnight,0.39704511401276205,-0.39704511401276205,60
TCGA-AR-A5QM-01Z-00-DX1.A9017CED-FF57-4090-95B9-94DC91854347,BRCA,phikon,Phikon,1.6418058693172763,-1.6418058693172763,60
TCGA-AR-A5QM-01Z-00-DX1.A9017CED-FF57-4090-95B9-94DC91854347,BRCA,uni,UNI,0.9363292874625467,-0.9363292874625467,60
TCGA-AR-A5QM-01Z-00-DX1.A9017CED-FF57-4090-95B9-94DC91854347,BRCA,uni2,UNI2,0.6965575784146019,-0.6965575784146019,60
TCGA-AR-A5QM-01Z-00-DX1.A9017CED-FF57-4090-95B9-94DC91854347,BRCA,virchow,Virchow,1.720042526960382,-1.720042526960382,60
TCGA-AR-A5QM-01Z-00-DX1.A9017CED-FF57-4090-95B9-94DC91854347,BRCA,virchow2,Virchow2,0.13036095510867163,-0.13036095510867163,60
TCGA-AX-A05U-01Z-00-DX1.1EBFC727-B5D5-4543-BBA9-4254ABD3D584,UCEC,gigapath,GigaPath,1.0997494066887414,-1.0997494066887414,60
TCGA-AX-A05U-01Z-00-DX1.1EBFC727-B5D5-4543-BBA9-4254ABD3D584,UCEC,gigapath_flash,GigaPath-Flash,2.492913147800495,-2.492913147800495,60
TCGA-AX-A05U-01Z-00-DX1.1EBFC727-B5D5-4543-BBA9-4254ABD3D584,UCEC,midnight,Midnight,0.25926750476091676,-0.25926750476091676,60
TCGA-AX-A05U-01Z-00-DX1.1EBFC727-B5D5-4543-BBA9-4254ABD3D584,UCEC,phikon,Phikon,1.000365044938516,-1.000365044938516,60
TCGA-AX-A05U-01Z-00-DX1.1EBFC727-B5D5-4543-BBA9-4254ABD3D584,UCEC,uni,UNI,1.7139932845118178,-1.7139932845118178,60
TCGA-AX-A05U-01Z-00-DX1.1EBFC727-B5D5-4543-BBA9-4254ABD3D584,UCEC,uni2,UNI2,0.1665160512894249,-0.1665160512894249,60
TCGA-AX-A05U-01Z-00-DX1.1EBFC727-B5D5-4543-BBA9-4254ABD3D584,UCEC,virchow,Virchow,3.609708120725598,-3.609708120725598,60
TCGA-AX-A05U-01Z-00-DX1.1EBFC727-B5D5-4543-BBA9-4254ABD3D584,UCEC,virchow2,Virchow2,0.3057221664858721,-0.3057221664858721,60
TCGA-AX-A06B-01Z-00-DX2.1757C039-99F7-4087-A9E5-D340AF7220D4,UCEC,gigapath,GigaPath,0.6610978221730652,-0.6610978221730652,60
TCGA-AX-A06B-01Z-00-DX2.1757C039-99F7-4087-A9E5-D340AF7220D4,UCEC,gigapath_flash,GigaPath-Flash,0.668834654929338,-0.668834654929338,60
TCGA-AX-A06B-01Z-00-DX2.1757C039-99F7-4087-A9E5-D340AF7220D4,UCEC,midnight,Midnight,0.6933616182157974,-0.6933616182157974,60
TCGA-AX-A06B-01Z-00-DX2.1757C039-99F7-4087-A9E5-D340AF7220D4,UCEC,phikon,Phikon,0.5628690262979396,-0.5628690262979396,60
TCGA-AX-A06B-01Z-00-DX2.1757C039-99F7-4087-A9E5-D340AF7220D4,UCEC,uni,UNI,1.774156274915264,-1.774156274915264,60
TCGA-AX-A06B-01Z-00-DX2.1757C039-99F7-4087-A9E5-D340AF7220D4,UCEC,uni2,UNI2,0.37290519915649767,-0.37290519915649767,60
TCGA-AX-A06B-01Z-00-DX2.1757C039-99F7-4087-A9E5-D340AF7220D4,UCEC,virchow,Virchow,2.813054572914377,-2.813054572914377,60
TCGA-AX-A06B-01Z-00-DX2.1757C039-99F7-4087-A9E5-D340AF7220D4,UCEC,virchow2,Virchow2,0.9016226445403274,-0.9016226445403274,60
TCGA-AX-A0J0-01Z-00-DX2.56C668BE-03B8-4B87-A226-AABD97D53C38,UCEC,gigapath,GigaPath,1.049604319152518,-1.049604319152518,60
TCGA-AX-A0J0-01Z-00-DX2.56C668BE-03B8-4B87-A226-AABD97D53C38,UCEC,gigapath_flash,GigaPath-Flash,1.3259591399616428,-1.3259591399616428,60
TCGA-AX-A0J0-01Z-00-DX2.56C668BE-03B8-4B87-A226-AABD97D53C38,UCEC,midnight,Midnight,0.46332010230444165,-0.46332010230444165,60
TCGA-AX-A0J0-01Z-00-DX2.56C668BE-03B8-4B87-A226-AABD97D53C38,UCEC,phikon,Phikon,1.0523497583657828,-1.0523497583657828,60
TCGA-AX-A0J0-01Z-00-DX2.56C668BE-03B8-4B87-A226-AABD97D53C38,UCEC,uni,UNI,2.592710559467961,-2.592710559467961,60
TCGA-AX-A0J0-01Z-00-DX2.56C668BE-03B8-4B87-A226-AABD97D53C38,UCEC,uni2,UNI2,0.14710344877230722,-0.14710344877230722,60
TCGA-AX-A0J0-01Z-00-DX2.56C668BE-03B8-4B87-A226-AABD97D53C38,UCEC,virchow,Virchow,3.6989640058197546,-3.6989640058197546,60
TCGA-AX-A0J0-01Z-00-DX2.56C668BE-03B8-4B87-A226-AABD97D53C38,UCEC,virchow2,Virchow2,0.46365333160016564,-0.46365333160016564,60
TCGA-AY-A8YK-01Z-00-DX1.89E3C546-0425-449B-A6FB-1C35168EA7EB,COAD,gigapath,GigaPath,3.731076781839808,-3.731076781839808,60
TCGA-AY-A8YK-01Z-00-DX1.89E3C546-0425-449B-A6FB-1C35168EA7EB,COAD,gigapath_flash,GigaPath-Flash,1.2177105325724442,-1.2177105325724442,60
TCGA-AY-A8YK-01Z-00-DX1.89E3C546-0425-449B-A6FB-1C35168EA7EB,COAD,midnight,Midnight,-0.4292607275632841,0.4292607275632841,60
TCGA-AY-A8YK-01Z-00-DX1.89E3C546-0425-449B-A6FB-1C35168EA7EB,COAD,phikon,Phikon,0.8960307077256767,-0.8960307077256767,60
TCGA-AY-A8YK-01Z-00-DX1.89E3C546-0425-449B-A6FB-1C35168EA7EB,COAD,uni,UNI,2.904663328482814,-2.904663328482814,60
TCGA-AY-A8YK-01Z-00-DX1.89E3C546-0425-449B-A6FB-1C35168EA7EB,COAD,uni2,UNI2,1.0877899131260982,-1.0877899131260982,60
TCGA-AY-A8YK-01Z-00-DX1.89E3C546-0425-449B-A6FB-1C35168EA7EB,COAD,virchow,Virchow,1.2690600157468852,-1.2690600157468852,60
TCGA-AY-A8YK-01Z-00-DX1.89E3C546-0425-449B-A6FB-1C35168EA7EB,COAD,virchow2,Virchow2,0.9269175070859625,-0.9269175070859625,60
TCGA-B0-5094-01Z-00-DX1.eac31fe2-09da-4ecf-8e25-c073cbb03295,KIRC,gigapath,GigaPath,1.4895950223274164,-1.4895950223274164,60
TCGA-B0-5094-01Z-00-DX1.eac31fe2-09da-4ecf-8e25-c073cbb03295,KIRC,gigapath_flash,GigaPath-Flash,1.5155765899889415,-1.5155765899889415,60
TCGA-B0-5094-01Z-00-DX1.eac31fe2-09da-4ecf-8e25-c073cbb03295,KIRC,midnight,Midnight,0.725386982393983,-0.725386982393983,60
TCGA-B0-5094-01Z-00-DX1.eac31fe2-09da-4ecf-8e25-c073cbb03295,KIRC,phikon,Phikon,1.2557619081928997,-1.2557619081928997,60
TCGA-B0-5094-01Z-00-DX1.eac31fe2-09da-4ecf-8e25-c073cbb03295,KIRC,uni,UNI,0.6004798441595249,-0.6004798441595249,60
TCGA-B0-5094-01Z-00-DX1.eac31fe2-09da-4ecf-8e25-c073cbb03295,KIRC,uni2,UNI2,0.29137998071637417,-0.29137998071637417,60
TCGA-B0-5094-01Z-00-DX1.eac31fe2-09da-4ecf-8e25-c073cbb03295,KIRC,virchow,Virchow,3.2496933339385596,-3.2496933339385596,60
TCGA-B0-5094-01Z-00-DX1.eac31fe2-09da-4ecf-8e25-c073cbb03295,KIRC,virchow2,Virchow2,0.12994786924053392,-0.12994786924053392,60
TCGA-B0-5106-01Z-00-DX1.564e51a3-be50-4eed-ba9c-4d478b96ffc6,KIRC,gigapath,GigaPath,0.9339742987483355,-0.9339742987483355,60
TCGA-B0-5106-01Z-00-DX1.564e51a3-be50-4eed-ba9c-4d478b96ffc6,KIRC,gigapath_flash,GigaPath-Flash,1.6494213065026782,-1.6494213065026782,60
TCGA-B0-5106-01Z-00-DX1.564e51a3-be50-4eed-ba9c-4d478b96ffc6,KIRC,midnight,Midnight,0.36415736461225023,-0.36415736461225023,60
TCGA-B0-5106-01Z-00-DX1.564e51a3-be50-4eed-ba9c-4d478b96ffc6,KIRC,phikon,Phikon,1.1995134382354824,-1.1995134382354824,60
TCGA-B0-5106-01Z-00-DX1.564e51a3-be50-4eed-ba9c-4d478b96ffc6,KIRC,uni,UNI,0.3743958566426337,-0.3743958566426337,60
TCGA-B0-5106-01Z-00-DX1.564e51a3-be50-4eed-ba9c-4d478b96ffc6,KIRC,uni2,UNI2,0.023460429547354597,-0.023460429547354597,60
TCGA-B0-5106-01Z-00-DX1.564e51a3-be50-4eed-ba9c-4d478b96ffc6,KIRC,virchow,Virchow,1.8169959480527225,-1.8169959480527225,60
TCGA-B0-5106-01Z-00-DX1.564e51a3-be50-4eed-ba9c-4d478b96ffc6,KIRC,virchow2,Virchow2,0.009893300553763777,-0.009893300553763777,60
TCGA-B0-5711-01Z-00-DX1.6839921f-ec08-4e94-8bf9-4b5a4fcdda45,KIRC,gigapath,GigaPath,0.8824941695221574,-0.8824941695221574,60
TCGA-B0-5711-01Z-00-DX1.6839921f-ec08-4e94-8bf9-4b5a4fcdda45,KIRC,gigapath_flash,GigaPath-Flash,1.4524843456942782,-1.4524843456942782,60
TCGA-B0-5711-01Z-00-DX1.6839921f-ec08-4e94-8bf9-4b5a4fcdda45,KIRC,midnight,Midnight,0.33914791427795865,-0.33914791427795865,60
TCGA-B0-5711-01Z-00-DX1.6839921f-ec08-4e94-8bf9-4b5a4fcdda45,KIRC,phikon,Phikon,1.5059680469314176,-1.5059680469314176,60
TCGA-B0-5711-01Z-00-DX1.6839921f-ec08-4e94-8bf9-4b5a4fcdda45,KIRC,uni,UNI,0.4048035627536382,-0.4048035627536382,60
TCGA-B0-5711-01Z-00-DX1.6839921f-ec08-4e94-8bf9-4b5a4fcdda45,KIRC,uni2,UNI2,0.04297778276436428,-0.04297778276436428,60
TCGA-B0-5711-01Z-00-DX1.6839921f-ec08-4e94-8bf9-4b5a4fcdda45,KIRC,virchow,Virchow,2.1027274359678945,-2.1027274359678945,60
TCGA-B0-5711-01Z-00-DX1.6839921f-ec08-4e94-8bf9-4b5a4fcdda45,KIRC,virchow2,Virchow2,0.008898660230413507,-0.008898660230413507,60
TCGA-B2-5633-01Z-00-DX1.c55a29ca-468e-46de-9ff5-a51f46fe09fd,KIRC,gigapath,GigaPath,1.3941290380871165,-1.3941290380871165,60
TCGA-B2-5633-01Z-00-DX1.c55a29ca-468e-46de-9ff5-a51f46fe09fd,KIRC,gigapath_flash,GigaPath-Flash,1.9309597838455228,-1.9309597838455228,60
TCGA-B2-5633-01Z-00-DX1.c55a29ca-468e-46de-9ff5-a51f46fe09fd,KIRC,midnight,Midnight,0.46237919261598914,-0.46237919261598914,60
TCGA-B2-5633-01Z-00-DX1.c55a29ca-468e-46de-9ff5-a51f46fe09fd,KIRC,phikon,Phikon,1.4355983896269964,-1.4355983896269964,60
TCGA-B2-5633-01Z-00-DX1.c55a29ca-468e-46de-9ff5-a51f46fe09fd,KIRC,uni,UNI,0.6947400295686251,-0.6947400295686251,60
TCGA-B2-5633-01Z-00-DX1.c55a29ca-468e-46de-9ff5-a51f46fe09fd,KIRC,uni2,UNI2,0.04626890123901599,-0.04626890123901599,60
TCGA-B2-5633-01Z-00-DX1.c55a29ca-468e-46de-9ff5-a51f46fe09fd,KIRC,virchow,Virchow,2.667705731641738,-2.667705731641738,60
TCGA-B2-5633-01Z-00-DX1.c55a29ca-468e-46de-9ff5-a51f46fe09fd,KIRC,virchow2,Virchow2,0.013193074640071025,-0.013193074640071025,60
TCGA-B5-A11F-01Z-00-DX1.3F1C053D-E81E-4C8D-965D-6F3DE29D9511,UCEC,gigapath,GigaPath,2.49707389947805,-2.49707389947805,60
TCGA-B5-A11F-01Z-00-DX1.3F1C053D-E81E-4C8D-965D-6F3DE29D9511,UCEC,gigapath_flash,GigaPath-Flash,3.558791928328806,-3.558791928328806,60
TCGA-B5-A11F-01Z-00-DX1.3F1C053D-E81E-4C8D-965D-6F3DE29D9511,UCEC,midnight,Midnight,0.6327402831808322,-0.6327402831808322,60
TCGA-B5-A11F-01Z-00-DX1.3F1C053D-E81E-4C8D-965D-6F3DE29D9511,UCEC,phikon,Phikon,1.5470682578446193,-1.5470682578446193,60
TCGA-B5-A11F-01Z-00-DX1.3F1C053D-E81E-4C8D-965D-6F3DE29D9511,UCEC,uni,UNI,2.6664297048173777,-2.6664297048173777,60
TCGA-B5-A11F-01Z-00-DX1.3F1C053D-E81E-4C8D-965D-6F3DE29D9511,UCEC,uni2,UNI2,0.14813084463958368,-0.14813084463958368,60
TCGA-B5-A11F-01Z-00-DX1.3F1C053D-E81E-4C8D-965D-6F3DE29D9511,UCEC,virchow,Virchow,4.336268059717266,-4.336268059717266,60
TCGA-B5-A11F-01Z-00-DX1.3F1C053D-E81E-4C8D-965D-6F3DE29D9511,UCEC,virchow2,Virchow2,0.5564661752307442,-0.5564661752307442,60
TCGA-BA-6871-01Z-00-DX1.4d9ca329-f8d5-4c31-a20f-9d4fba728326,HNSC,gigapath,GigaPath,-2.080144713365608,2.080144713365608,60
TCGA-BA-6871-01Z-00-DX1.4d9ca329-f8d5-4c31-a20f-9d4fba728326,HNSC,gigapath_flash,GigaPath-Flash,-0.8526258270142641,0.8526258270142641,60
TCGA-BA-6871-01Z-00-DX1.4d9ca329-f8d5-4c31-a20f-9d4fba728326,HNSC,midnight,Midnight,0.8001460084262934,-0.8001460084262934,60
TCGA-BA-6871-01Z-00-DX1.4d9ca329-f8d5-4c31-a20f-9d4fba728326,HNSC,phikon,Phikon,-0.9849731537174621,0.9849731537174621,60
TCGA-BA-6871-01Z-00-DX1.4d9ca329-f8d5-4c31-a20f-9d4fba728326,HNSC,uni,UNI,-1.1471737370288155,1.1471737370288155,60
TCGA-BA-6871-01Z-00-DX1.4d9ca329-f8d5-4c31-a20f-9d4fba728326,HNSC,uni2,UNI2,-0.4372953152018592,0.4372953152018592,60
TCGA-BA-6871-01Z-00-DX1.4d9ca329-f8d5-4c31-a20f-9d4fba728326,HNSC,virchow,Virchow,0.245297422587213,-0.245297422587213,60
TCGA-BA-6871-01Z-00-DX1.4d9ca329-f8d5-4c31-a20f-9d4fba728326,HNSC,virchow2,Virchow2,-1.1652382026726904,1.1652382026726904,60
TCGA-BA-6872-01Z-00-DX1.F99F6394-D319-4599-B124-D2A6692FA096,HNSC,gigapath,GigaPath,-1.107617969777885,1.107617969777885,60
TCGA-BA-6872-01Z-00-DX1.F99F6394-D319-4599-B124-D2A6692FA096,HNSC,gigapath_flash,GigaPath-Flash,-0.820427148467474,0.820427148467474,60
TCGA-BA-6872-01Z-00-DX1.F99F6394-D319-4599-B124-D2A6692FA096,HNSC,midnight,Midnight,0.7664483211584209,-0.7664483211584209,60
TCGA-BA-6872-01Z-00-DX1.F99F6394-D319-4599-B124-D2A6692FA096,HNSC,phikon,Phikon,0.21825575572028544,-0.21825575572028544,60
TCGA-BA-6872-01Z-00-DX1.F99F6394-D319-4599-B124-D2A6692FA096,HNSC,uni,UNI,0.5459493492443522,-0.5459493492443522,60
TCGA-BA-6872-01Z-00-DX1.F99F6394-D319-4599-B124-D2A6692FA096,HNSC,uni2,UNI2,1.3071902012071681,-1.3071902012071681,60
TCGA-BA-6872-01Z-00-DX1.F99F6394-D319-4599-B124-D2A6692FA096,HNSC,virchow,Virchow,3.8334517099965164,-3.8334517099965164,60
TCGA-BA-6872-01Z-00-DX1.F99F6394-D319-4599-B124-D2A6692FA096,HNSC,virchow2,Virchow2,-0.13242252233527868,0.13242252233527868,60
TCGA-BG-A0W1-01Z-00-DX1.8E06269C-1278-478B-A128-59FA911B1649,UCEC,gigapath,GigaPath,2.0584872419005578,-2.0584872419005578,60
TCGA-BG-A0W1-01Z-00-DX1.8E06269C-1278-478B-A128-59FA911B1649,UCEC,gigapath_flash,GigaPath-Flash,2.7334561703003364,-2.7334561703003364,60
TCGA-BG-A0W1-01Z-00-DX1.8E06269C-1278-478B-A128-59FA911B1649,UCEC,midnight,Midnight,0.4699524774797637,-0.4699524774797637,60
TCGA-BG-A0W1-01Z-00-DX1.8E06269C-1278-478B-A128-59FA911B1649,UCEC,phikon,Phikon,1.1961818736963876,-1.1961818736963876,60
TCGA-BG-A0W1-01Z-00-DX1.8E06269C-1278-478B-A128-59FA911B1649,UCEC,uni,UNI,2.1123825895095547,-2.1123825895095547,60
TCGA-BG-A0W1-01Z-00-DX1.8E06269C-1278-478B-A128-59FA911B1649,UCEC,uni2,UNI2,0.18593282155329877,-0.18593282155329877,60
TCGA-BG-A0W1-01Z-00-DX1.8E06269C-1278-478B-A128-59FA911B1649,UCEC,virchow,Virchow,3.8006294931934264,-3.8006294931934264,60
TCGA-BG-A0W1-01Z-00-DX1.8E06269C-1278-478B-A128-59FA911B1649,UCEC,virchow2,Virchow2,0.488039222188992,-0.488039222188992,60
TCGA-BH-A0C1-01Z-00-DX1.21FE357E-B182-4397-BFEF-7E96E994236A,BRCA,gigapath,GigaPath,2.034466743351765,-2.034466743351765,60
TCGA-BH-A0C1-01Z-00-DX1.21FE357E-B182-4397-BFEF-7E96E994236A,BRCA,gigapath_flash,GigaPath-Flash,2.9357180147348574,-2.9357180147348574,60
TCGA-BH-A0C1-01Z-00-DX1.21FE357E-B182-4397-BFEF-7E96E994236A,BRCA,midnight,Midnight,0.4157484609804818,-0.4157484609804818,60
TCGA-BH-A0C1-01Z-00-DX1.21FE357E-B182-4397-BFEF-7E96E994236A,BRCA,phikon,Phikon,3.379466230115652,-3.379466230115652,60
TCGA-BH-A0C1-01Z-00-DX1.21FE357E-B182-4397-BFEF-7E96E994236A,BRCA,uni,UNI,1.2727584357292396,-1.2727584357292396,60
TCGA-BH-A0C1-01Z-00-DX1.21FE357E-B182-4397-BFEF-7E96E994236A,BRCA,uni2,UNI2,0.940163686021428,-0.940163686021428,60
TCGA-BH-A0C1-01Z-00-DX1.21FE357E-B182-4397-BFEF-7E96E994236A,BRCA,virchow,Virchow,1.5369389080306164,-1.5369389080306164,60
TCGA-BH-A0C1-01Z-00-DX1.21FE357E-B182-4397-BFEF-7E96E994236A,BRCA,virchow2,Virchow2,0.2074816784824834,-0.2074816784824834,60
TCGA-BP-4991-01Z-00-DX1.71305f5c-ca59-48fa-bb82-4b441c1fffdc,KIRC,gigapath,GigaPath,1.4428994529835097,-1.4428994529835097,60
TCGA-BP-4991-01Z-00-DX1.71305f5c-ca59-48fa-bb82-4b441c1fffdc,KIRC,gigapath_flash,GigaPath-Flash,1.5863574616589775,-1.5863574616589775,60
TCGA-BP-4991-01Z-00-DX1.71305f5c-ca59-48fa-bb82-4b441c1fffdc,KIRC,midnight,Midnight,0.6203495448068855,-0.6203495448068855,60
TCGA-BP-4991-01Z-00-DX1.71305f5c-ca59-48fa-bb82-4b441c1fffdc,KIRC,phikon,Phikon,1.7500458121835554,-1.7500458121835554,60
TCGA-BP-4991-01Z-00-DX1.71305f5c-ca59-48fa-bb82-4b441c1fffdc,KIRC,uni,UNI,0.8151581016178127,-0.8151581016178127,60
TCGA-BP-4991-01Z-00-DX1.71305f5c-ca59-48fa-bb82-4b441c1fffdc,KIRC,uni2,UNI2,0.07737999127671827,-0.07737999127671827,60
TCGA-BP-4991-01Z-00-DX1.71305f5c-ca59-48fa-bb82-4b441c1fffdc,KIRC,virchow,Virchow,2.2803732236265604,-2.2803732236265604,60
TCGA-BP-4991-01Z-00-DX1.71305f5c-ca59-48fa-bb82-4b441c1fffdc,KIRC,virchow2,Virchow2,0.05500838736575455,-0.05500838736575455,60
TCGA-BP-5201-01Z-00-DX1.d1a9878e-bb97-48fb-9098-9d9337f06250,KIRC,gigapath,GigaPath,0.9022195209506894,-0.9022195209506894,60
TCGA-BP-5201-01Z-00-DX1.d1a9878e-bb97-48fb-9098-9d9337f06250,KIRC,gigapath_flash,GigaPath-Flash,0.19782980851767842,-0.19782980851767842,60
TCGA-BP-5201-01Z-00-DX1.d1a9878e-bb97-48fb-9098-9d9337f06250,KIRC,midnight,Midnight,-0.3293289179530261,0.3293289179530261,60
TCGA-BP-5201-01Z-00-DX1.d1a9878e-bb97-48fb-9098-9d9337f06250,KIRC,phikon,Phikon,0.8336690413941036,-0.8336690413941036,60
TCGA-BP-5201-01Z-00-DX1.d1a9878e-bb97-48fb-9098-9d9337f06250,KIRC,uni,UNI,0.3855645359492066,-0.3855645359492066,60
TCGA-BP-5201-01Z-00-DX1.d1a9878e-bb97-48fb-9098-9d9337f06250,KIRC,uni2,UNI2,0.3141755900836824,-0.3141755900836824,60
TCGA-BP-5201-01Z-00-DX1.d1a9878e-bb97-48fb-9098-9d9337f06250,KIRC,virchow,Virchow,2.528224748647518,-2.528224748647518,60
TCGA-BP-5201-01Z-00-DX1.d1a9878e-bb97-48fb-9098-9d9337f06250,KIRC,virchow2,Virchow2,0.47558731842975493,-0.47558731842975493,60
TCGA-BR-6452-01Z-00-DX1.aec8246e-9dce-436d-9faa-df8fa1f6e47c,STAD,gigapath,GigaPath,1.637523955453188,-1.637523955453188,60
TCGA-BR-6452-01Z-00-DX1.aec8246e-9dce-436d-9faa-df8fa1f6e47c,STAD,gigapath_flash,GigaPath-Flash,4.608157651140846,-4.608157651140846,60
TCGA-BR-6452-01Z-00-DX1.aec8246e-9dce-436d-9faa-df8fa1f6e47c,STAD,midnight,Midnight,-0.9961395083055022,0.9961395083055022,60
TCGA-BR-6452-01Z-00-DX1.aec8246e-9dce-436d-9faa-df8fa1f6e47c,STAD,phikon,Phikon,1.1096699902297797,-1.1096699902297797,60
TCGA-BR-6452-01Z-00-DX1.aec8246e-9dce-436d-9faa-df8fa1f6e47c,STAD,uni,UNI,0.4059849220394139,-0.4059849220394139,60
TCGA-BR-6452-01Z-00-DX1.aec8246e-9dce-436d-9faa-df8fa1f6e47c,STAD,uni2,UNI2,0.943631393251763,-0.943631393251763,60
TCGA-BR-6452-01Z-00-DX1.aec8246e-9dce-436d-9faa-df8fa1f6e47c,STAD,virchow,Virchow,5.038513545391412,-5.038513545391412,60
TCGA-BR-6452-01Z-00-DX1.aec8246e-9dce-436d-9faa-df8fa1f6e47c,STAD,virchow2,Virchow2,1.0292409758380878,-1.0292409758380878,60
TCGA-BR-6454-01Z-00-DX1.63fb6280-2b43-49b2-960a-eb9c0e8b617c,STAD,gigapath,GigaPath,3.137175584066702,-3.137175584066702,60
TCGA-BR-6454-01Z-00-DX1.63fb6280-2b43-49b2-960a-eb9c0e8b617c,STAD,gigapath_flash,GigaPath-Flash,6.050206857443625,-6.050206857443625,60
TCGA-BR-6454-01Z-00-DX1.63fb6280-2b43-49b2-960a-eb9c0e8b617c,STAD,midnight,Midnight,0.08543052750575793,-0.08543052750575793,60
TCGA-BR-6454-01Z-00-DX1.63fb6280-2b43-49b2-960a-eb9c0e8b617c,STAD,phikon,Phikon,1.2125323015055185,-1.2125323015055185,60
TCGA-BR-6454-01Z-00-DX1.63fb6280-2b43-49b2-960a-eb9c0e8b617c,STAD,uni,UNI,1.9468022396342162,-1.9468022396342162,60
TCGA-BR-6454-01Z-00-DX1.63fb6280-2b43-49b2-960a-eb9c0e8b617c,STAD,uni2,UNI2,0.9148824004165282,-0.9148824004165282,60
TCGA-BR-6454-01Z-00-DX1.63fb6280-2b43-49b2-960a-eb9c0e8b617c,STAD,virchow,Virchow,7.230179613868903,-7.230179613868903,60
TCGA-BR-6454-01Z-00-DX1.63fb6280-2b43-49b2-960a-eb9c0e8b617c,STAD,virchow2,Virchow2,0.6825579606549905,-0.6825579606549905,60
TCGA-BR-A4CQ-01Z-00-DX1.B63282A5-154D-441B-BF96-5BB26CB6D95E,STAD,gigapath,GigaPath,2.071449194743746,-2.071449194743746,60
TCGA-BR-A4CQ-01Z-00-DX1.B63282A5-154D-441B-BF96-5BB26CB6D95E,STAD,gigapath_flash,GigaPath-Flash,3.8706266876747284,-3.8706266876747284,60
TCGA-BR-A4CQ-01Z-00-DX1.B63282A5-154D-441B-BF96-5BB26CB6D95E,STAD,midnight,Midnight,0.3443485728900698,-0.3443485728900698,60
TCGA-BR-A4CQ-01Z-00-DX1.B63282A5-154D-441B-BF96-5BB26CB6D95E,STAD,phikon,Phikon,1.007302386505065,-1.007302386505065,60
TCGA-BR-A4CQ-01Z-00-DX1.B63282A5-154D-441B-BF96-5BB26CB6D95E,STAD,uni,UNI,1.5071036398088744,-1.5071036398088744,60
TCGA-BR-A4CQ-01Z-00-DX1.B63282A5-154D-441B-BF96-5BB26CB6D95E,STAD,uni2,UNI2,0.7475750624746491,-0.7475750624746491,60
TCGA-BR-A4CQ-01Z-00-DX1.B63282A5-154D-441B-BF96-5BB26CB6D95E,STAD,virchow,Virchow,5.850735992307916,-5.850735992307916,60
TCGA-BR-A4CQ-01Z-00-DX1.B63282A5-154D-441B-BF96-5BB26CB6D95E,STAD,virchow2,Virchow2,0.8440406605604589,-0.8440406605604589,60
TCGA-CD-A487-01Z-00-DX1.A026BD2F-B721-4340-83D5-7AA39227C90F,STAD,gigapath,GigaPath,1.933647331935442,-1.933647331935442,60
TCGA-CD-A487-01Z-00-DX1.A026BD2F-B721-4340-83D5-7AA39227C90F,STAD,gigapath_flash,GigaPath-Flash,3.0997323003013646,-3.0997323003013646,60
TCGA-CD-A487-01Z-00-DX1.A026BD2F-B721-4340-83D5-7AA39227C90F,STAD,midnight,Midnight,0.5780919568432166,-0.5780919568432166,60
TCGA-CD-A487-01Z-00-DX1.A026BD2F-B721-4340-83D5-7AA39227C90F,STAD,phikon,Phikon,0.37627359451030246,-0.37627359451030246,60
TCGA-CD-A487-01Z-00-DX1.A026BD2F-B721-4340-83D5-7AA39227C90F,STAD,uni,UNI,0.7546320688815663,-0.7546320688815663,60
TCGA-CD-A487-01Z-00-DX1.A026BD2F-B721-4340-83D5-7AA39227C90F,STAD,uni2,UNI2,0.656268635376712,-0.656268635376712,60
TCGA-CD-A487-01Z-00-DX1.A026BD2F-B721-4340-83D5-7AA39227C90F,STAD,virchow,Virchow,4.236818926456171,-4.236818926456171,60
TCGA-CD-A487-01Z-00-DX1.A026BD2F-B721-4340-83D5-7AA39227C90F,STAD,virchow2,Virchow2,0.7363821082708165,-0.7363821082708165,60
TCGA-CF-A3MF-01Z-00-DX1.91768C26-5BB1-4DE6-9737-AA26BD687A75,BLCA,gigapath,GigaPath,0.7856349709281993,-0.7856349709281993,60
TCGA-CF-A3MF-01Z-00-DX1.91768C26-5BB1-4DE6-9737-AA26BD687A75,BLCA,gigapath_flash,GigaPath-Flash,2.213350123574393,-2.213350123574393,60
TCGA-CF-A3MF-01Z-00-DX1.91768C26-5BB1-4DE6-9737-AA26BD687A75,BLCA,midnight,Midnight,0.2581931208293358,-0.2581931208293358,60
TCGA-CF-A3MF-01Z-00-DX1.91768C26-5BB1-4DE6-9737-AA26BD687A75,BLCA,phikon,Phikon,0.10017940336425492,-0.10017940336425492,60
TCGA-CF-A3MF-01Z-00-DX1.91768C26-5BB1-4DE6-9737-AA26BD687A75,BLCA,uni,UNI,1.1182892637999862,-1.1182892637999862,60
TCGA-CF-A3MF-01Z-00-DX1.91768C26-5BB1-4DE6-9737-AA26BD687A75,BLCA,uni2,UNI2,0.9791574609911291,-0.9791574609911291,60
TCGA-CF-A3MF-01Z-00-DX1.91768C26-5BB1-4DE6-9737-AA26BD687A75,BLCA,virchow,Virchow,4.714811048196193,-4.714811048196193,60
TCGA-CF-A3MF-01Z-00-DX1.91768C26-5BB1-4DE6-9737-AA26BD687A75,BLCA,virchow2,Virchow2,1.3837865877367932,-1.3837865877367932,60
TCGA-CK-4947-01Z-00-DX1.b257d5fd-b97b-4987-b088-77f044ca7fe2,COAD,gigapath,GigaPath,2.5416648415305176,-2.5416648415305176,60
TCGA-CK-4947-01Z-00-DX1.b257d5fd-b97b-4987-b088-77f044ca7fe2,COAD,gigapath_flash,GigaPath-Flash,1.2174972736387681,-1.2174972736387681,60
TCGA-CK-4947-01Z-00-DX1.b257d5fd-b97b-4987-b088-77f044ca7fe2,COAD,midnight,Midnight,1.294488129358024,-1.294488129358024,60
TCGA-CK-4947-01Z-00-DX1.b257d5fd-b97b-4987-b088-77f044ca7fe2,COAD,phikon,Phikon,1.4637893085352203,-1.4637893085352203,60
TCGA-CK-4947-01Z-00-DX1.b257d5fd-b97b-4987-b088-77f044ca7fe2,COAD,uni,UNI,2.4894366255785814,-2.4894366255785814,60
TCGA-CK-4947-01Z-00-DX1.b257d5fd-b97b-4987-b088-77f044ca7fe2,COAD,uni2,UNI2,2.373991481503458,-2.373991481503458,60
TCGA-CK-4947-01Z-00-DX1.b257d5fd-b97b-4987-b088-77f044ca7fe2,COAD,virchow,Virchow,1.488620747564132,-1.488620747564132,60
TCGA-CK-4947-01Z-00-DX1.b257d5fd-b97b-4987-b088-77f044ca7fe2,COAD,virchow2,Virchow2,1.8827190555542257,-1.8827190555542257,60
TCGA-CM-6168-01Z-00-DX1.96af6eb2-9d51-4671-baf8-1a73d0c66869,COAD,gigapath,GigaPath,1.8315322095885795,-1.8315322095885795,60
TCGA-CM-6168-01Z-00-DX1.96af6eb2-9d51-4671-baf8-1a73d0c66869,COAD,gigapath_flash,GigaPath-Flash,1.0266945645222514,-1.0266945645222514,60
TCGA-CM-6168-01Z-00-DX1.96af6eb2-9d51-4671-baf8-1a73d0c66869,COAD,midnight,Midnight,0.6362841842229429,-0.6362841842229429,60
TCGA-CM-6168-01Z-00-DX1.96af6eb2-9d51-4671-baf8-1a73d0c66869,COAD,phikon,Phikon,0.9341258158748962,-0.9341258158748962,60
TCGA-CM-6168-01Z-00-DX1.96af6eb2-9d51-4671-baf8-1a73d0c66869,COAD,uni,UNI,1.2961967333892659,-1.2961967333892659,60
TCGA-CM-6168-01Z-00-DX1.96af6eb2-9d51-4671-baf8-1a73d0c66869,COAD,uni2,UNI2,1.7932625610505217,-1.7932625610505217,60
TCGA-CM-6168-01Z-00-DX1.96af6eb2-9d51-4671-baf8-1a73d0c66869,COAD,virchow,Virchow,1.5196991214590896,-1.5196991214590896,60
TCGA-CM-6168-01Z-00-DX1.96af6eb2-9d51-4671-baf8-1a73d0c66869,COAD,virchow2,Virchow2,0.9801551271002663,-0.9801551271002663,60
TCGA-CM-6169-01Z-00-DX1.0381c243-02b8-4f1d-840c-19ef44d4b92c,COAD,gigapath,GigaPath,1.9610425916949523,-1.9610425916949523,60
TCGA-CM-6169-01Z-00-DX1.0381c243-02b8-4f1d-840c-19ef44d4b92c,COAD,gigapath_flash,GigaPath-Flash,0.9312686173270142,-0.9312686173270142,60
TCGA-CM-6169-01Z-00-DX1.0381c243-02b8-4f1d-840c-19ef44d4b92c,COAD,midnight,Midnight,0.9174852508567152,-0.9174852508567152,60
TCGA-CM-6169-01Z-00-DX1.0381c243-02b8-4f1d-840c-19ef44d4b92c,COAD,phikon,Phikon,1.044300105675169,-1.044300105675169,60
TCGA-CM-6169-01Z-00-DX1.0381c243-02b8-4f1d-840c-19ef44d4b92c,COAD,uni,UNI,1.4537307425090469,-1.4537307425090469,60
TCGA-CM-6169-01Z-00-DX1.0381c243-02b8-4f1d-840c-19ef44d4b92c,COAD,uni2,UNI2,1.9396840355639005,-1.9396840355639005,60
TCGA-CM-6169-01Z-00-DX1.0381c243-02b8-4f1d-840c-19ef44d4b92c,COAD,virchow,Virchow,2.1421122777075685,-2.1421122777075685,60
TCGA-CM-6169-01Z-00-DX1.0381c243-02b8-4f1d-840c-19ef44d4b92c,COAD,virchow2,Virchow2,1.3197619163409804,-1.3197619163409804,60
TCGA-CN-A6V7-01A-01-TS1.F54912D3-1E21-4605-ACFC-142973524AE2,HNSC,gigapath,GigaPath,-4.394114504781507,4.394114504781507,60
TCGA-CN-A6V7-01A-01-TS1.F54912D3-1E21-4605-ACFC-142973524AE2,HNSC,gigapath_flash,GigaPath-Flash,-2.677500910137219,2.677500910137219,60
TCGA-CN-A6V7-01A-01-TS1.F54912D3-1E21-4605-ACFC-142973524AE2,HNSC,midnight,Midnight,-3.5881381664540037,3.5881381664540037,60
TCGA-CN-A6V7-01A-01-TS1.F54912D3-1E21-4605-ACFC-142973524AE2,HNSC,phikon,Phikon,-2.197138322074076,2.197138322074076,60
TCGA-CN-A6V7-01A-01-TS1.F54912D3-1E21-4605-ACFC-142973524AE2,HNSC,uni,UNI,-3.4050292128435387,3.4050292128435387,60
TCGA-CN-A6V7-01A-01-TS1.F54912D3-1E21-4605-ACFC-142973524AE2,HNSC,uni2,UNI2,-2.1631293431155116,2.1631293431155116,60
TCGA-CN-A6V7-01A-01-TS1.F54912D3-1E21-4605-ACFC-142973524AE2,HNSC,virchow,Virchow,-2.8119634457314104,2.8119634457314104,60
TCGA-CN-A6V7-01A-01-TS1.F54912D3-1E21-4605-ACFC-142973524AE2,HNSC,virchow2,Virchow2,-2.7031461923780356,2.7031461923780356,60
TCGA-CU-A0YN-01Z-00-DX1.6C5EAAAF-8F14-49D3-8FFC-9BDAE56CAFD0,BLCA,gigapath,GigaPath,0.5943672112768394,-0.5943672112768394,60
TCGA-CU-A0YN-01Z-00-DX1.6C5EAAAF-8F14-49D3-8FFC-9BDAE56CAFD0,BLCA,gigapath_flash,GigaPath-Flash,1.5552922854580717,-1.5552922854580717,60
TCGA-CU-A0YN-01Z-00-DX1.6C5EAAAF-8F14-49D3-8FFC-9BDAE56CAFD0,BLCA,midnight,Midnight,0.1540396540148805,-0.1540396540148805,60
TCGA-CU-A0YN-01Z-00-DX1.6C5EAAAF-8F14-49D3-8FFC-9BDAE56CAFD0,BLCA,phikon,Phikon,-0.5140036946146341,0.5140036946146341,60
TCGA-CU-A0YN-01Z-00-DX1.6C5EAAAF-8F14-49D3-8FFC-9BDAE56CAFD0,BLCA,uni,UNI,-0.41857106212849887,0.41857106212849887,60
TCGA-CU-A0YN-01Z-00-DX1.6C5EAAAF-8F14-49D3-8FFC-9BDAE56CAFD0,BLCA,uni2,UNI2,-0.2927574165327018,0.2927574165327018,60
TCGA-CU-A0YN-01Z-00-DX1.6C5EAAAF-8F14-49D3-8FFC-9BDAE56CAFD0,BLCA,virchow,Virchow,3.7876846778466122,-3.7876846778466122,60
TCGA-CU-A0YN-01Z-00-DX1.6C5EAAAF-8F14-49D3-8FFC-9BDAE56CAFD0,BLCA,virchow2,Virchow2,0.9686935588434402,-0.9686935588434402,60
TCGA-CV-6935-01Z-00-DX1.9C449CB2-FB6D-41D1-A4A6-3069DC84A697,HNSC,gigapath,GigaPath,0.2818609707840571,-0.2818609707840571,60
TCGA-CV-6935-01Z-00-DX1.9C449CB2-FB6D-41D1-A4A6-3069DC84A697,HNSC,gigapath_flash,GigaPath-Flash,0.4244911187757822,-0.4244911187757822,60
TCGA-CV-6935-01Z-00-DX1.9C449CB2-FB6D-41D1-A4A6-3069DC84A697,HNSC,midnight,Midnight,0.3254078209783513,-0.3254078209783513,60
TCGA-CV-6935-01Z-00-DX1.9C449CB2-FB6D-41D1-A4A6-3069DC84A697,HNSC,phikon,Phikon,0.19560580702082445,-0.19560580702082445,60
TCGA-CV-6935-01Z-00-DX1.9C449CB2-FB6D-41D1-A4A6-3069DC84A697,HNSC,uni,UNI,0.2759223848113853,-0.2759223848113853,60
TCGA-CV-6935-01Z-00-DX1.9C449CB2-FB6D-41D1-A4A6-3069DC84A697,HNSC,uni2,UNI2,0.5876785748328527,-0.5876785748328527,60
TCGA-CV-6935-01Z-00-DX1.9C449CB2-FB6D-41D1-A4A6-3069DC84A697,HNSC,virchow,Virchow,2.108145330982066,-2.108145330982066,60
TCGA-CV-6935-01Z-00-DX1.9C449CB2-FB6D-41D1-A4A6-3069DC84A697,HNSC,virchow2,Virchow2,0.08996609407973319,-0.08996609407973319,60
TCGA-CV-A45O-01Z-00-DX1.8CBD0CCC-C815-475D-87F9-76272F4F715B,HNSC,gigapath,GigaPath,0.30639467181815455,-0.30639467181815455,60
TCGA-CV-A45O-01Z-00-DX1.8CBD0CCC-C815-475D-87F9-76272F4F715B,HNSC,gigapath_flash,GigaPath-Flash,0.2050811472967358,-0.2050811472967358,60
TCGA-CV-A45O-01Z-00-DX1.8CBD0CCC-C815-475D-87F9-76272F4F715B,HNSC,midnight,Midnight,0.38633762958289986,-0.38633762958289986,60
TCGA-CV-A45O-01Z-00-DX1.8CBD0CCC-C815-475D-87F9-76272F4F715B,HNSC,phikon,Phikon,0.1913793362828703,-0.1913793362828703,60
TCGA-CV-A45O-01Z-00-DX1.8CBD0CCC-C815-475D-87F9-76272F4F715B,HNSC,uni,UNI,0.22510427610586006,-0.22510427610586006,60
TCGA-CV-A45O-01Z-00-DX1.8CBD0CCC-C815-475D-87F9-76272F4F715B,HNSC,uni2,UNI2,0.34571587514906493,-0.34571587514906493,60
TCGA-CV-A45O-01Z-00-DX1.8CBD0CCC-C815-475D-87F9-76272F4F715B,HNSC,virchow,Virchow,2.1291316406477154,-2.1291316406477154,60
TCGA-CV-A45O-01Z-00-DX1.8CBD0CCC-C815-475D-87F9-76272F4F715B,HNSC,virchow2,Virchow2,0.11339382924296569,-0.11339382924296569,60
TCGA-CV-A6JE-01Z-00-DX1.20137D17-19B3-49FF-9C3D-60933157E409,HNSC,gigapath,GigaPath,0.4579844439285755,-0.4579844439285755,60
TCGA-CV-A6JE-01Z-00-DX1.20137D17-19B3-49FF-9C3D-60933157E409,HNSC,gigapath_flash,GigaPath-Flash,1.3019923128233932,-1.3019923128233932,60
TCGA-CV-A6JE-01Z-00-DX1.20137D17-19B3-49FF-9C3D-60933157E409,HNSC,midnight,Midnight,1.0736031143780311,-1.0736031143780311,60
TCGA-CV-A6JE-01Z-00-DX1.20137D17-19B3-49FF-9C3D-60933157E409,HNSC,phikon,Phikon,0.14670365864366314,-0.14670365864366314,60
TCGA-CV-A6JE-01Z-00-DX1.20137D17-19B3-49FF-9C3D-60933157E409,HNSC,uni,UNI,0.2991993760760383,-0.2991993760760383,60
TCGA-CV-A6JE-01Z-00-DX1.20137D17-19B3-49FF-9C3D-60933157E409,HNSC,uni2,UNI2,0.5807518466320544,-0.5807518466320544,60
TCGA-CV-A6JE-01Z-00-DX1.20137D17-19B3-49FF-9C3D-60933157E409,HNSC,virchow,Virchow,1.643732063422313,-1.643732063422313,60
TCGA-CV-A6JE-01Z-00-DX1.20137D17-19B3-49FF-9C3D-60933157E409,HNSC,virchow2,Virchow2,0.1486851635314827,-0.1486851635314827,60
TCGA-CV-A6JU-01Z-00-DX1.35A3A1F0-9D6C-4794-B501-E56E48C51DF9,HNSC,gigapath,GigaPath,0.4200962835149279,-0.4200962835149279,60
TCGA-CV-A6JU-01Z-00-DX1.35A3A1F0-9D6C-4794-B501-E56E48C51DF9,HNSC,gigapath_flash,GigaPath-Flash,0.2671486808949671,-0.2671486808949671,60
TCGA-CV-A6JU-01Z-00-DX1.35A3A1F0-9D6C-4794-B501-E56E48C51DF9,HNSC,midnight,Midnight,0.5486896551933399,-0.5486896551933399,60
TCGA-CV-A6JU-01Z-00-DX1.35A3A1F0-9D6C-4794-B501-E56E48C51DF9,HNSC,phikon,Phikon,-0.07734066024418337,0.07734066024418337,60
TCGA-CV-A6JU-01Z-00-DX1.35A3A1F0-9D6C-4794-B501-E56E48C51DF9,HNSC,uni,UNI,0.35504411227267596,-0.35504411227267596,60
TCGA-CV-A6JU-01Z-00-DX1.35A3A1F0-9D6C-4794-B501-E56E48C51DF9,HNSC,uni2,UNI2,0.37611434673633404,-0.37611434673633404,60
TCGA-CV-A6JU-01Z-00-DX1.35A3A1F0-9D6C-4794-B501-E56E48C51DF9,HNSC,virchow,Virchow,1.3951693195529815,-1.3951693195529815,60
TCGA-CV-A6JU-01Z-00-DX1.35A3A1F0-9D6C-4794-B501-E56E48C51DF9,HNSC,virchow2,Virchow2,0.05664540053823189,-0.05664540053823189,60
TCGA-D8-A1X8-01Z-00-DX1.DDA3866E-C7CC-4650-BE2B-5C9A98A2D531,BRCA,gigapath,GigaPath,2.6758055629724526,-2.6758055629724526,60
TCGA-D8-A1X8-01Z-00-DX1.DDA3866E-C7CC-4650-BE2B-5C9A98A2D531,BRCA,gigapath_flash,GigaPath-Flash,2.4930786137315555,-2.4930786137315555,60
TCGA-D8-A1X8-01Z-00-DX1.DDA3866E-C7CC-4650-BE2B-5C9A98A2D531,BRCA,midnight,Midnight,0.4620988500382648,-0.4620988500382648,60
TCGA-D8-A1X8-01Z-00-DX1.DDA3866E-C7CC-4650-BE2B-5C9A98A2D531,BRCA,phikon,Phikon,2.2546908248866746,-2.2546908248866746,60
TCGA-D8-A1X8-01Z-00-DX1.DDA3866E-C7CC-4650-BE2B-5C9A98A2D531,BRCA,uni,UNI,2.0975003279331075,-2.0975003279331075,60
TCGA-D8-A1X8-01Z-00-DX1.DDA3866E-C7CC-4650-BE2B-5C9A98A2D531,BRCA,uni2,UNI2,1.3138874865039687,-1.3138874865039687,60
TCGA-D8-A1X8-01Z-00-DX1.DDA3866E-C7CC-4650-BE2B-5C9A98A2D531,BRCA,virchow,Virchow,1.528902588825527,-1.528902588825527,60
TCGA-D8-A1X8-01Z-00-DX1.DDA3866E-C7CC-4650-BE2B-5C9A98A2D531,BRCA,virchow2,Virchow2,0.90845424881248,-0.90845424881248,60
TCGA-DK-A6AW-01Z-00-DX1.C2453A8C-8282-443C-9E76-5B6CAD2FE69B,BLCA,gigapath,GigaPath,1.3009767197750153,-1.3009767197750153,60
TCGA-DK-A6AW-01Z-00-DX1.C2453A8C-8282-443C-9E76-5B6CAD2FE69B,BLCA,gigapath_flash,GigaPath-Flash,1.8178118510577508,-1.8178118510577508,60
TCGA-DK-A6AW-01Z-00-DX1.C2453A8C-8282-443C-9E76-5B6CAD2FE69B,BLCA,midnight,Midnight,-0.12480796150035203,0.12480796150035203,60
TCGA-DK-A6AW-01Z-00-DX1.C2453A8C-8282-443C-9E76-5B6CAD2FE69B,BLCA,phikon,Phikon,0.5713170375143561,-0.5713170375143561,60
TCGA-DK-A6AW-01Z-00-DX1.C2453A8C-8282-443C-9E76-5B6CAD2FE69B,BLCA,uni,UNI,1.5802854204482595,-1.5802854204482595,60
TCGA-DK-A6AW-01Z-00-DX1.C2453A8C-8282-443C-9E76-5B6CAD2FE69B,BLCA,uni2,UNI2,0.9867997724218527,-0.9867997724218527,60
TCGA-DK-A6AW-01Z-00-DX1.C2453A8C-8282-443C-9E76-5B6CAD2FE69B,BLCA,virchow,Virchow,4.274068932533485,-4.274068932533485,60
TCGA-DK-A6AW-01Z-00-DX1.C2453A8C-8282-443C-9E76-5B6CAD2FE69B,BLCA,virchow2,Virchow2,1.8522706390301698,-1.8522706390301698,60
TCGA-DK-AA6L-01A-01-TSA.5794F0C6-9ED6-489A-9621-18CCC5935548,BLCA,gigapath,GigaPath,-1.6849468680107749,1.6849468680107749,60
TCGA-DK-AA6L-01A-01-TSA.5794F0C6-9ED6-489A-9621-18CCC5935548,BLCA,gigapath_flash,GigaPath-Flash,2.1044908912924014,-2.1044908912924014,60
TCGA-DK-AA6L-01A-01-TSA.5794F0C6-9ED6-489A-9621-18CCC5935548,BLCA,midnight,Midnight,0.5650717602832285,-0.5650717602832285,60
TCGA-DK-AA6L-01A-01-TSA.5794F0C6-9ED6-489A-9621-18CCC5935548,BLCA,phikon,Phikon,1.7861443915365132,-1.7861443915365132,60
TCGA-DK-AA6L-01A-01-TSA.5794F0C6-9ED6-489A-9621-18CCC5935548,BLCA,uni,UNI,0.45434084240510636,-0.45434084240510636,60
TCGA-DK-AA6L-01A-01-TSA.5794F0C6-9ED6-489A-9621-18CCC5935548,BLCA,uni2,UNI2,-0.16517756804041922,0.16517756804041922,60
TCGA-DK-AA6L-01A-01-TSA.5794F0C6-9ED6-489A-9621-18CCC5935548,BLCA,virchow,Virchow,1.6804049947214597,-1.6804049947214597,60
TCGA-DK-AA6L-01A-01-TSA.5794F0C6-9ED6-489A-9621-18CCC5935548,BLCA,virchow2,Virchow2,0.3566842197911983,-0.3566842197911983,60
TCGA-DK-AA77-01A-01-TSA.26CAF5CB-CC4F-4522-BD2B-343FB70205FE,BLCA,gigapath,GigaPath,1.4500123746268825,-1.4500123746268825,60
TCGA-DK-AA77-01A-01-TSA.26CAF5CB-CC4F-4522-BD2B-343FB70205FE,BLCA,gigapath_flash,GigaPath-Flash,1.6112715571257892,-1.6112715571257892,60
TCGA-DK-AA77-01A-01-TSA.26CAF5CB-CC4F-4522-BD2B-343FB70205FE,BLCA,midnight,Midnight,-0.7099332807530623,0.7099332807530623,60
TCGA-DK-AA77-01A-01-TSA.26CAF5CB-CC4F-4522-BD2B-343FB70205FE,BLCA,phikon,Phikon,2.267293044005229,-2.267293044005229,60
TCGA-DK-AA77-01A-01-TSA.26CAF5CB-CC4F-4522-BD2B-343FB70205FE,BLCA,uni,UNI,1.783206335808383,-1.783206335808383,60
TCGA-DK-AA77-01A-01-TSA.26CAF5CB-CC4F-4522-BD2B-343FB70205FE,BLCA,uni2,UNI2,0.271261241210777,-0.271261241210777,60
TCGA-DK-AA77-01A-01-TSA.26CAF5CB-CC4F-4522-BD2B-343FB70205FE,BLCA,virchow,Virchow,5.049098411388536,-5.049098411388536,60
TCGA-DK-AA77-01A-01-TSA.26CAF5CB-CC4F-4522-BD2B-343FB70205FE,BLCA,virchow2,Virchow2,-0.588797918089558,0.588797918089558,60
TCGA-E2-A14P-01Z-00-DX1.663B02FF-C64B-41A6-8685-FD61CD76F9C6,BRCA,gigapath,GigaPath,1.8781496148827712,-1.8781496148827712,60
TCGA-E2-A14P-01Z-00-DX1.663B02FF-C64B-41A6-8685-FD61CD76F9C6,BRCA,gigapath_flash,GigaPath-Flash,2.7994076448314957,-2.7994076448314957,60
TCGA-E2-A14P-01Z-00-DX1.663B02FF-C64B-41A6-8685-FD61CD76F9C6,BRCA,midnight,Midnight,0.2858317252815435,-0.2858317252815435,60
TCGA-E2-A14P-01Z-00-DX1.663B02FF-C64B-41A6-8685-FD61CD76F9C6,BRCA,phikon,Phikon,2.346502523739296,-2.346502523739296,60
TCGA-E2-A14P-01Z-00-DX1.663B02FF-C64B-41A6-8685-FD61CD76F9C6,BRCA,uni,UNI,1.6061815210751835,-1.6061815210751835,60
TCGA-E2-A14P-01Z-00-DX1.663B02FF-C64B-41A6-8685-FD61CD76F9C6,BRCA,uni2,UNI2,1.1090364728656243,-1.1090364728656243,60
TCGA-E2-A14P-01Z-00-DX1.663B02FF-C64B-41A6-8685-FD61CD76F9C6,BRCA,virchow,Virchow,2.682422280766373,-2.682422280766373,60
TCGA-E2-A14P-01Z-00-DX1.663B02FF-C64B-41A6-8685-FD61CD76F9C6,BRCA,virchow2,Virchow2,0.5489537092885224,-0.5489537092885224,60
TCGA-E2-A1LA-01Z-00-DX1.AE49E943-B830-4ED9-B09E-E499441BC2EC,BRCA,gigapath,GigaPath,1.8563113979425343,-1.8563113979425343,60
TCGA-E2-A1LA-01Z-00-DX1.AE49E943-B830-4ED9-B09E-E499441BC2EC,BRCA,gigapath_flash,GigaPath-Flash,2.2123839059559196,-2.2123839059559196,60
TCGA-E2-A1LA-01Z-00-DX1.AE49E943-B830-4ED9-B09E-E499441BC2EC,BRCA,midnight,Midnight,0.5406469239484569,-0.5406469239484569,60
TCGA-E2-A1LA-01Z-00-DX1.AE49E943-B830-4ED9-B09E-E499441BC2EC,BRCA,phikon,Phikon,2.677398355124312,-2.677398355124312,60
TCGA-E2-A1LA-01Z-00-DX1.AE49E943-B830-4ED9-B09E-E499441BC2EC,BRCA,uni,UNI,1.487095722319971,-1.487095722319971,60
TCGA-E2-A1LA-01Z-00-DX1.AE49E943-B830-4ED9-B09E-E499441BC2EC,BRCA,uni2,UNI2,1.2499890135750193,-1.2499890135750193,60
TCGA-E2-A1LA-01Z-00-DX1.AE49E943-B830-4ED9-B09E-E499441BC2EC,BRCA,virchow,Virchow,1.7644263518945162,-1.7644263518945162,60
TCGA-E2-A1LA-01Z-00-DX1.AE49E943-B830-4ED9-B09E-E499441BC2EC,BRCA,virchow2,Virchow2,0.7588620919693306,-0.7588620919693306,60
TCGA-EY-A1GQ-01Z-00-DX1.03D52C6F-515E-4A4F-A08E-31D773BCC67F,UCEC,gigapath,GigaPath,1.9514014430535722,-1.9514014430535722,60
TCGA-EY-A1GQ-01Z-00-DX1.03D52C6F-515E-4A4F-A08E-31D773BCC67F,UCEC,gigapath_flash,GigaPath-Flash,1.6577030177127423,-1.6577030177127423,60
TCGA-EY-A1GQ-01Z-00-DX1.03D52C6F-515E-4A4F-A08E-31D773BCC67F,UCEC,midnight,Midnight,1.062876990588347,-1.062876990588347,60
TCGA-EY-A1GQ-01Z-00-DX1.03D52C6F-515E-4A4F-A08E-31D773BCC67F,UCEC,phikon,Phikon,1.5693604973854407,-1.5693604973854407,60
TCGA-EY-A1GQ-01Z-00-DX1.03D52C6F-515E-4A4F-A08E-31D773BCC67F,UCEC,uni,UNI,2.5057980222696954,-2.5057980222696954,60
TCGA-EY-A1GQ-01Z-00-DX1.03D52C6F-515E-4A4F-A08E-31D773BCC67F,UCEC,uni2,UNI2,1.3221437272054064,-1.3221437272054064,60
TCGA-EY-A1GQ-01Z-00-DX1.03D52C6F-515E-4A4F-A08E-31D773BCC67F,UCEC,virchow,Virchow,5.135127011179523,-5.135127011179523,60
TCGA-EY-A1GQ-01Z-00-DX1.03D52C6F-515E-4A4F-A08E-31D773BCC67F,UCEC,virchow2,Virchow2,1.0524583787250876,-1.0524583787250876,60
TCGA-FD-A6TK-01Z-00-DX1.B685DA87-72A6-4C38-8AA1-40B6E543383C,BLCA,gigapath,GigaPath,1.4813697972152504,-1.4813697972152504,60
TCGA-FD-A6TK-01Z-00-DX1.B685DA87-72A6-4C38-8AA1-40B6E543383C,BLCA,gigapath_flash,GigaPath-Flash,1.7366939435374469,-1.7366939435374469,60
TCGA-FD-A6TK-01Z-00-DX1.B685DA87-72A6-4C38-8AA1-40B6E543383C,BLCA,midnight,Midnight,0.2146362005352455,-0.2146362005352455,60
TCGA-FD-A6TK-01Z-00-DX1.B685DA87-72A6-4C38-8AA1-40B6E543383C,BLCA,phikon,Phikon,0.9471335346924036,-0.9471335346924036,60
TCGA-FD-A6TK-01Z-00-DX1.B685DA87-72A6-4C38-8AA1-40B6E543383C,BLCA,uni,UNI,1.366998340763862,-1.366998340763862,60
TCGA-FD-A6TK-01Z-00-DX1.B685DA87-72A6-4C38-8AA1-40B6E543383C,BLCA,uni2,UNI2,1.2766322655290805,-1.2766322655290805,60
TCGA-FD-A6TK-01Z-00-DX1.B685DA87-72A6-4C38-8AA1-40B6E543383C,BLCA,virchow,Virchow,4.167882558516211,-4.167882558516211,60
TCGA-FD-A6TK-01Z-00-DX1.B685DA87-72A6-4C38-8AA1-40B6E543383C,BLCA,virchow2,Virchow2,1.4662212482939287,-1.4662212482939287,60
TCGA-FI-A2EX-01Z-00-DX1.127F5153-745D-43E6-83CA-DE2738702C62,UCEC,gigapath,GigaPath,0.835300352448272,-0.835300352448272,60
TCGA-FI-A2EX-01Z-00-DX1.127F5153-745D-43E6-83CA-DE2738702C62,UCEC,gigapath_flash,GigaPath-Flash,1.3647246468197904,-1.3647246468197904,60
TCGA-FI-A2EX-01Z-00-DX1.127F5153-745D-43E6-83CA-DE2738702C62,UCEC,midnight,Midnight,0.25510965947512776,-0.25510965947512776,60
TCGA-FI-A2EX-01Z-00-DX1.127F5153-745D-43E6-83CA-DE2738702C62,UCEC,phikon,Phikon,1.1296164073894233,-1.1296164073894233,60
TCGA-FI-A2EX-01Z-00-DX1.127F5153-745D-43E6-83CA-DE2738702C62,UCEC,uni,UNI,1.7185298646132998,-1.7185298646132998,60
TCGA-FI-A2EX-01Z-00-DX1.127F5153-745D-43E6-83CA-DE2738702C62,UCEC,uni2,UNI2,0.04767747207753784,-0.04767747207753784,60
TCGA-FI-A2EX-01Z-00-DX1.127F5153-745D-43E6-83CA-DE2738702C62,UCEC,virchow,Virchow,2.6905241950341994,-2.6905241950341994,60
TCGA-FI-A2EX-01Z-00-DX1.127F5153-745D-43E6-83CA-DE2738702C62,UCEC,virchow2,Virchow2,0.1060707744299445,-0.1060707744299445,60
TCGA-FP-8209-01Z-00-DX1.a5e13081-1631-44d4-8d6a-c229a22c2311,STAD,gigapath,GigaPath,2.2768572463496586,-2.2768572463496586,60
TCGA-FP-8209-01Z-00-DX1.a5e13081-1631-44d4-8d6a-c229a22c2311,STAD,gigapath_flash,GigaPath-Flash,5.110320119318194,-5.110320119318194,60
TCGA-FP-8209-01Z-00-DX1.a5e13081-1631-44d4-8d6a-c229a22c2311,STAD,midnight,Midnight,0.07816176989730264,-0.07816176989730264,60
TCGA-FP-8209-01Z-00-DX1.a5e13081-1631-44d4-8d6a-c229a22c2311,STAD,phikon,Phikon,0.6792417626994763,-0.6792417626994763,60
TCGA-FP-8209-01Z-00-DX1.a5e13081-1631-44d4-8d6a-c229a22c2311,STAD,uni,UNI,-0.07293217990795037,0.07293217990795037,60
TCGA-FP-8209-01Z-00-DX1.a5e13081-1631-44d4-8d6a-c229a22c2311,STAD,uni2,UNI2,0.13236833187590885,-0.13236833187590885,60
TCGA-FP-8209-01Z-00-DX1.a5e13081-1631-44d4-8d6a-c229a22c2311,STAD,virchow,Virchow,3.866359748778569,-3.866359748778569,60
TCGA-FP-8209-01Z-00-DX1.a5e13081-1631-44d4-8d6a-c229a22c2311,STAD,virchow2,Virchow2,0.6090010943371293,-0.6090010943371293,60
TCGA-G4-6309-01Z-00-DX1.3eb20fdc-eb86-4bd5-8194-76b02d4fa472,COAD,gigapath,GigaPath,2.112975482899675,-2.112975482899675,60
TCGA-G4-6309-01Z-00-DX1.3eb20fdc-eb86-4bd5-8194-76b02d4fa472,COAD,gigapath_flash,GigaPath-Flash,0.811226124096867,-0.811226124096867,60
TCGA-G4-6309-01Z-00-DX1.3eb20fdc-eb86-4bd5-8194-76b02d4fa472,COAD,midnight,Midnight,0.5563889547220984,-0.5563889547220984,60
TCGA-G4-6309-01Z-00-DX1.3eb20fdc-eb86-4bd5-8194-76b02d4fa472,COAD,phikon,Phikon,1.3149997312583424,-1.3149997312583424,60
TCGA-G4-6309-01Z-00-DX1.3eb20fdc-eb86-4bd5-8194-76b02d4fa472,COAD,uni,UNI,1.6075029665974938,-1.6075029665974938,60
TCGA-G4-6309-01Z-00-DX1.3eb20fdc-eb86-4bd5-8194-76b02d4fa472,COAD,uni2,UNI2,1.7752702570562129,-1.7752702570562129,60
TCGA-G4-6309-01Z-00-DX1.3eb20fdc-eb86-4bd5-8194-76b02d4fa472,COAD,virchow,Virchow,1.2479637953672877,-1.2479637953672877,60
TCGA-G4-6309-01Z-00-DX1.3eb20fdc-eb86-4bd5-8194-76b02d4fa472,COAD,virchow2,Virchow2,1.8254010926895825,-1.8254010926895825,60
TCGA-G4-6310-01Z-00-DX1.b88472d4-3adc-4e4d-b0f2-0dc195a3d7df,COAD,gigapath,GigaPath,1.9069652916619098,-1.9069652916619098,60
TCGA-G4-6310-01Z-00-DX1.b88472d4-3adc-4e4d-b0f2-0dc195a3d7df,COAD,gigapath_flash,GigaPath-Flash,1.010764926844805,-1.010764926844805,60
TCGA-G4-6310-01Z-00-DX1.b88472d4-3adc-4e4d-b0f2-0dc195a3d7df,COAD,midnight,Midnight,1.3197796486460578,-1.3197796486460578,60
TCGA-G4-6310-01Z-00-DX1.b88472d4-3adc-4e4d-b0f2-0dc195a3d7df,COAD,phikon,Phikon,1.5018973643305258,-1.5018973643305258,60
TCGA-G4-6310-01Z-00-DX1.b88472d4-3adc-4e4d-b0f2-0dc195a3d7df,COAD,uni,UNI,1.7708249866228958,-1.7708249866228958,60
TCGA-G4-6310-01Z-00-DX1.b88472d4-3adc-4e4d-b0f2-0dc195a3d7df,COAD,uni2,UNI2,2.1528842555758416,-2.1528842555758416,60
TCGA-G4-6310-01Z-00-DX1.b88472d4-3adc-4e4d-b0f2-0dc195a3d7df,COAD,virchow,Virchow,1.5880345654535697,-1.5880345654535697,60
TCGA-G4-6310-01Z-00-DX1.b88472d4-3adc-4e4d-b0f2-0dc195a3d7df,COAD,virchow2,Virchow2,1.4083462676754077,-1.4083462676754077,60
TCGA-G4-6588-01Z-00-DX1.0747172e-f630-4b7c-9341-55078585ae00,COAD,gigapath,GigaPath,2.039175147141807,-2.039175147141807,60
TCGA-G4-6588-01Z-00-DX1.0747172e-f630-4b7c-9341-55078585ae00,COAD,gigapath_flash,GigaPath-Flash,0.8693810240318071,-0.8693810240318071,60
TCGA-G4-6588-01Z-00-DX1.0747172e-f630-4b7c-9341-55078585ae00,COAD,midnight,Midnight,0.5130952785071242,-0.5130952785071242,60
TCGA-G4-6588-01Z-00-DX1.0747172e-f630-4b7c-9341-55078585ae00,COAD,phikon,Phikon,1.3819899936084472,-1.3819899936084472,60
TCGA-G4-6588-01Z-00-DX1.0747172e-f630-4b7c-9341-55078585ae00,COAD,uni,UNI,1.6989762944541773,-1.6989762944541773,60
TCGA-G4-6588-01Z-00-DX1.0747172e-f630-4b7c-9341-55078585ae00,COAD,uni2,UNI2,1.7214588258576602,-1.7214588258576602,60
TCGA-G4-6588-01Z-00-DX1.0747172e-f630-4b7c-9341-55078585ae00,COAD,virchow,Virchow,1.3927092118765652,-1.3927092118765652,60
TCGA-G4-6588-01Z-00-DX1.0747172e-f630-4b7c-9341-55078585ae00,COAD,virchow2,Virchow2,1.4164038099025134,-1.4164038099025134,60
TCGA-GM-A3XN-01Z-00-DX1.49F5C8AC-0328-4BC2-9FE2-E7150B7A42E2,BRCA,gigapath,GigaPath,1.8143255287833842,-1.8143255287833842,60
TCGA-GM-A3XN-01Z-00-DX1.49F5C8AC-0328-4BC2-9FE2-E7150B7A42E2,BRCA,gigapath_flash,GigaPath-Flash,3.176413812162355,-3.176413812162355,60
TCGA-GM-A3XN-01Z-00-DX1.49F5C8AC-0328-4BC2-9FE2-E7150B7A42E2,BRCA,midnight,Midnight,0.4755533683881842,-0.4755533683881842,60
TCGA-GM-A3XN-01Z-00-DX1.49F5C8AC-0328-4BC2-9FE2-E7150B7A42E2,BRCA,phikon,Phikon,2.187816390930215,-2.187816390930215,60
TCGA-GM-A3XN-01Z-00-DX1.49F5C8AC-0328-4BC2-9FE2-E7150B7A42E2,BRCA,uni,UNI,1.0952157804028677,-1.0952157804028677,60
TCGA-GM-A3XN-01Z-00-DX1.49F5C8AC-0328-4BC2-9FE2-E7150B7A42E2,BRCA,uni2,UNI2,0.8794251542603606,-0.8794251542603606,60
TCGA-GM-A3XN-01Z-00-DX1.49F5C8AC-0328-4BC2-9FE2-E7150B7A42E2,BRCA,virchow,Virchow,1.9226723505296377,-1.9226723505296377,60
TCGA-GM-A3XN-01Z-00-DX1.49F5C8AC-0328-4BC2-9FE2-E7150B7A42E2,BRCA,virchow2,Virchow2,0.22108485333426695,-0.22108485333426695,60
TCGA-GU-AATP-01Z-00-DX1.0D8EC37C-88E7-49D5-A76D-F0A4A3FD8AE4,BLCA,gigapath,GigaPath,0.9921624364518594,-0.9921624364518594,60
TCGA-GU-AATP-01Z-00-DX1.0D8EC37C-88E7-49D5-A76D-F0A4A3FD8AE4,BLCA,gigapath_flash,GigaPath-Flash,1.4732385709091622,-1.4732385709091622,60
TCGA-GU-AATP-01Z-00-DX1.0D8EC37C-88E7-49D5-A76D-F0A4A3FD8AE4,BLCA,midnight,Midnight,0.15106192431022367,-0.15106192431022367,60
TCGA-GU-AATP-01Z-00-DX1.0D8EC37C-88E7-49D5-A76D-F0A4A3FD8AE4,BLCA,phikon,Phikon,1.4469477741760068,-1.4469477741760068,60
TCGA-GU-AATP-01Z-00-DX1.0D8EC37C-88E7-49D5-A76D-F0A4A3FD8AE4,BLCA,uni,UNI,1.5812748095621265,-1.5812748095621265,60
TCGA-GU-AATP-01Z-00-DX1.0D8EC37C-88E7-49D5-A76D-F0A4A3FD8AE4,BLCA,uni2,UNI2,1.3023574362374783,-1.3023574362374783,60
TCGA-GU-AATP-01Z-00-DX1.0D8EC37C-88E7-49D5-A76D-F0A4A3FD8AE4,BLCA,virchow,Virchow,3.908160817500525,-3.908160817500525,60
TCGA-GU-AATP-01Z-00-DX1.0D8EC37C-88E7-49D5-A76D-F0A4A3FD8AE4,BLCA,virchow2,Virchow2,0.8552997572940699,-0.8552997572940699,60
TCGA-J2-A4AE-01Z-00-DX1.42C5DE4A-7787-4E59-8969-D12503262C96,LUAD,gigapath,GigaPath,1.6298770690479343,-1.6298770690479343,60
TCGA-J2-A4AE-01Z-00-DX1.42C5DE4A-7787-4E59-8969-D12503262C96,LUAD,gigapath_flash,GigaPath-Flash,3.0670894114618608,-3.0670894114618608,60
TCGA-J2-A4AE-01Z-00-DX1.42C5DE4A-7787-4E59-8969-D12503262C96,LUAD,midnight,Midnight,0.0988823475714334,-0.0988823475714334,60
TCGA-J2-A4AE-01Z-00-DX1.42C5DE4A-7787-4E59-8969-D12503262C96,LUAD,phikon,Phikon,2.0594617687233643,-2.0594617687233643,60
TCGA-J2-A4AE-01Z-00-DX1.42C5DE4A-7787-4E59-8969-D12503262C96,LUAD,uni,UNI,1.9640586321992763,-1.9640586321992763,60
TCGA-J2-A4AE-01Z-00-DX1.42C5DE4A-7787-4E59-8969-D12503262C96,LUAD,uni2,UNI2,0.06964904027213377,-0.06964904027213377,60
TCGA-J2-A4AE-01Z-00-DX1.42C5DE4A-7787-4E59-8969-D12503262C96,LUAD,virchow,Virchow,2.2319363428157053,-2.2319363428157053,60
TCGA-J2-A4AE-01Z-00-DX1.42C5DE4A-7787-4E59-8969-D12503262C96,LUAD,virchow2,Virchow2,0.3035668916767756,-0.3035668916767756,60
TCGA-SW-A7EA-01Z-00-DX1.C5E1BE0E-0A25-4480-A3AC-DB2ED7471A4E,STAD,gigapath,GigaPath,3.555394328100054,-3.555394328100054,60
TCGA-SW-A7EA-01Z-00-DX1.C5E1BE0E-0A25-4480-A3AC-DB2ED7471A4E,STAD,gigapath_flash,GigaPath-Flash,3.9321941538267438,-3.9321941538267438,60
TCGA-SW-A7EA-01Z-00-DX1.C5E1BE0E-0A25-4480-A3AC-DB2ED7471A4E,STAD,midnight,Midnight,0.10117775074265337,-0.10117775074265337,60
TCGA-SW-A7EA-01Z-00-DX1.C5E1BE0E-0A25-4480-A3AC-DB2ED7471A4E,STAD,phikon,Phikon,0.7188037964127912,-0.7188037964127912,60
TCGA-SW-A7EA-01Z-00-DX1.C5E1BE0E-0A25-4480-A3AC-DB2ED7471A4E,STAD,uni,UNI,2.4314271002280283,-2.4314271002280283,60
TCGA-SW-A7EA-01Z-00-DX1.C5E1BE0E-0A25-4480-A3AC-DB2ED7471A4E,STAD,uni2,UNI2,1.3716758743272954,-1.3716758743272954,60
TCGA-SW-A7EA-01Z-00-DX1.C5E1BE0E-0A25-4480-A3AC-DB2ED7471A4E,STAD,virchow,Virchow,4.945670896012725,-4.945670896012725,60
TCGA-SW-A7EA-01Z-00-DX1.C5E1BE0E-0A25-4480-A3AC-DB2ED7471A4E,STAD,virchow2,Virchow2,1.0392483900338279,-1.0392483900338279,60
TCGA-UF-A719-01Z-00-DX1.4C4ECC2C-C390-4C5E-A709-CF08C113F1A1,HNSC,gigapath,GigaPath,-1.3945694948235117,1.3945694948235117,60
TCGA-UF-A719-01Z-00-DX1.4C4ECC2C-C390-4C5E-A709-CF08C113F1A1,HNSC,gigapath_flash,GigaPath-Flash,-1.0473407234825147,1.0473407234825147,60
TCGA-UF-A719-01Z-00-DX1.4C4ECC2C-C390-4C5E-A709-CF08C113F1A1,HNSC,midnight,Midnight,1.0356154802526745,-1.0356154802526745,60
TCGA-UF-A719-01Z-00-DX1.4C4ECC2C-C390-4C5E-A709-CF08C113F1A1,HNSC,phikon,Phikon,-0.6314729378370244,0.6314729378370244,60
TCGA-UF-A719-01Z-00-DX1.4C4ECC2C-C390-4C5E-A709-CF08C113F1A1,HNSC,uni,UNI,-0.5776395223813131,0.5776395223813131,60
TCGA-UF-A719-01Z-00-DX1.4C4ECC2C-C390-4C5E-A709-CF08C113F1A1,HNSC,uni2,UNI2,0.25573214791402066,-0.25573214791402066,60
TCGA-UF-A719-01Z-00-DX1.4C4ECC2C-C390-4C5E-A709-CF08C113F1A1,HNSC,virchow,Virchow,1.0852628425590483,-1.0852628425590483,60
TCGA-UF-A719-01Z-00-DX1.4C4ECC2C-C390-4C5E-A709-CF08C113F1A1,HNSC,virchow2,Virchow2,0.13013008012507138,-0.13013008012507138,60
TCGA-VQ-A8PY-01Z-00-DX1.EA2C7386-012A-442A-95B3-FFA12BD2684D,STAD,gigapath,GigaPath,1.9872924295419216,-1.9872924295419216,60
TCGA-VQ-A8PY-01Z-00-DX1.EA2C7386-012A-442A-95B3-FFA12BD2684D,STAD,gigapath_flash,GigaPath-Flash,3.6352157843932127,-3.6352157843932127,60
TCGA-VQ-A8PY-01Z-00-DX1.EA2C7386-012A-442A-95B3-FFA12BD2684D,STAD,midnight,Midnight,0.22579147438710903,-0.22579147438710903,60
TCGA-VQ-A8PY-01Z-00-DX1.EA2C7386-012A-442A-95B3-FFA12BD2684D,STAD,phikon,Phikon,0.995468829300299,-0.995468829300299,60
TCGA-VQ-A8PY-01Z-00-DX1.EA2C7386-012A-442A-95B3-FFA12BD2684D,STAD,uni,UNI,0.6825553259539864,-0.6825553259539864,60
TCGA-VQ-A8PY-01Z-00-DX1.EA2C7386-012A-442A-95B3-FFA12BD2684D,STAD,uni2,UNI2,0.31387668812985986,-0.31387668812985986,60
TCGA-VQ-A8PY-01Z-00-DX1.EA2C7386-012A-442A-95B3-FFA12BD2684D,STAD,virchow,Virchow,4.443439291872362,-4.443439291872362,60
TCGA-VQ-A8PY-01Z-00-DX1.EA2C7386-012A-442A-95B3-FFA12BD2684D,STAD,virchow2,Virchow2,1.238473788525106,-1.238473788525106,60
TCGA-VQ-A924-01Z-00-DX1.736B41F3-9678-4FAF-AE86-FCAC4F6DCBD3,STAD,gigapath,GigaPath,3.2506289527119945,-3.2506289527119945,60
TCGA-VQ-A924-01Z-00-DX1.736B41F3-9678-4FAF-AE86-FCAC4F6DCBD3,STAD,gigapath_flash,GigaPath-Flash,5.088753294700089,-5.088753294700089,60
TCGA-VQ-A924-01Z-00-DX1.736B41F3-9678-4FAF-AE86-FCAC4F6DCBD3,STAD,midnight,Midnight,0.6044646757884903,-0.6044646757884903,60
TCGA-VQ-A924-01Z-00-DX1.736B41F3-9678-4FAF-AE86-FCAC4F6DCBD3,STAD,phikon,Phikon,-0.03397975527300845,0.03397975527300845,60
TCGA-VQ-A924-01Z-00-DX1.736B41F3-9678-4FAF-AE86-FCAC4F6DCBD3,STAD,uni,UNI,1.5738341156283941,-1.5738341156283941,60
TCGA-VQ-A924-01Z-00-DX1.736B41F3-9678-4FAF-AE86-FCAC4F6DCBD3,STAD,uni2,UNI2,1.1072524532823358,-1.1072524532823358,60
TCGA-VQ-A924-01Z-00-DX1.736B41F3-9678-4FAF-AE86-FCAC4F6DCBD3,STAD,virchow,Virchow,6.351319976367302,-6.351319976367302,60
TCGA-VQ-A924-01Z-00-DX1.736B41F3-9678-4FAF-AE86-FCAC4F6DCBD3,STAD,virchow2,Virchow2,1.3160834810923285,-1.3160834810923285,60
TCGA-XF-A8HB-01Z-00-DX1.D6874152-D20A-4CA4-8E8B-8CBAB5F7D7B5,BLCA,gigapath,GigaPath,0.6974681717280514,-0.6974681717280514,60
TCGA-XF-A8HB-01Z-00-DX1.D6874152-D20A-4CA4-8E8B-8CBAB5F7D7B5,BLCA,gigapath_flash,GigaPath-Flash,1.296710512362201,-1.296710512362201,60
TCGA-XF-A8HB-01Z-00-DX1.D6874152-D20A-4CA4-8E8B-8CBAB5F7D7B5,BLCA,midnight,Midnight,0.14639432434702576,-0.14639432434702576,60
TCGA-XF-A8HB-01Z-00-DX1.D6874152-D20A-4CA4-8E8B-8CBAB5F7D7B5,BLCA,phikon,Phikon,1.9645001644934814,-1.9645001644934814,60
TCGA-XF-A8HB-01Z-00-DX1.D6874152-D20A-4CA4-8E8B-8CBAB5F7D7B5,BLCA,uni,UNI,1.3121532968483531,-1.3121532968483531,60
TCGA-XF-A8HB-01Z-00-DX1.D6874152-D20A-4CA4-8E8B-8CBAB5F7D7B5,BLCA,uni2,UNI2,1.0637553218949487,-1.0637553218949487,60
TCGA-XF-A8HB-01Z-00-DX1.D6874152-D20A-4CA4-8E8B-8CBAB5F7D7B5,BLCA,virchow,Virchow,3.3034402178619846,-3.3034402178619846,60
TCGA-XF-A8HB-01Z-00-DX1.D6874152-D20A-4CA4-8E8B-8CBAB5F7D7B5,BLCA,virchow2,Virchow2,1.2640057613320037,-1.2640057613320037,60
TCGA-ZF-A9R1-01Z-00-DX1.74520759-D448-45B5-B8AD-45502C99A519,BLCA,gigapath,GigaPath,0.9900877449393997,-0.9900877449393997,60
TCGA-ZF-A9R1-01Z-00-DX1.74520759-D448-45B5-B8AD-45502C99A519,BLCA,gigapath_flash,GigaPath-Flash,2.0941311133945777,-2.0941311133945777,60
TCGA-ZF-A9R1-01Z-00-DX1.74520759-D448-45B5-B8AD-45502C99A519,BLCA,midnight,Midnight,0.28405514724140024,-0.28405514724140024,60
TCGA-ZF-A9R1-01Z-00-DX1.74520759-D448-45B5-B8AD-45502C99A519,BLCA,phikon,Phikon,1.5913059329975783,-1.5913059329975783,60
TCGA-ZF-A9R1-01Z-00-DX1.74520759-D448-45B5-B8AD-45502C99A519,BLCA,uni,UNI,1.8132204705304005,-1.8132204705304005,60
TCGA-ZF-A9R1-01Z-00-DX1.74520759-D448-45B5-B8AD-45502C99A519,BLCA,uni2,UNI2,1.3499769961298178,-1.3499769961298178,60
TCGA-ZF-A9R1-01Z-00-DX1.74520759-D448-45B5-B8AD-45502C99A519,BLCA,virchow,Virchow,3.3289954203304535,-3.3289954203304535,60
TCGA-ZF-A9R1-01Z-00-DX1.74520759-D448-45B5-B8AD-45502C99A519,BLCA,virchow2,Virchow2,1.4625943174824356,-1.4625943174824356,60
TCGA-ZF-AA51-01Z-00-DX1.128C9731-C206-4E71-9A64-864FA9FD7E96,BLCA,gigapath,GigaPath,1.4305742753579047,-1.4305742753579047,60
TCGA-ZF-AA51-01Z-00-DX1.128C9731-C206-4E71-9A64-864FA9FD7E96,BLCA,gigapath_flash,GigaPath-Flash,1.637730457894716,-1.637730457894716,60
TCGA-ZF-AA51-01Z-00-DX1.128C9731-C206-4E71-9A64-864FA9FD7E96,BLCA,midnight,Midnight,0.0140631063125073,-0.0140631063125073,60
TCGA-ZF-AA51-01Z-00-DX1.128C9731-C206-4E71-9A64-864FA9FD7E96,BLCA,phikon,Phikon,1.6307965579941779,-1.6307965579941779,60
TCGA-ZF-AA51-01Z-00-DX1.128C9731-C206-4E71-9A64-864FA9FD7E96,BLCA,uni,UNI,1.9291858835639484,-1.9291858835639484,60
TCGA-ZF-AA51-01Z-00-DX1.128C9731-C206-4E71-9A64-864FA9FD7E96,BLCA,uni2,UNI2,0.9191089414022654,-0.9191089414022654,60
TCGA-ZF-AA51-01Z-00-DX1.128C9731-C206-4E71-9A64-864FA9FD7E96,BLCA,virchow,Virchow,3.692519798962729,-3.692519798962729,60
TCGA-ZF-AA51-01Z-00-DX1.128C9731-C206-4E71-9A64-864FA9FD7E96,BLCA,virchow2,Virchow2,1.3775611658837792,-1.3775611658837792,60
TCGA-ZQ-A9CR-01Z-00-DX1.C9AC9991-7054-4068-A7AA-9D1EB7F040A3,STAD,gigapath,GigaPath,2.950899993772736,-2.950899993772736,60
TCGA-ZQ-A9CR-01Z-00-DX1.C9AC9991-7054-4068-A7AA-9D1EB7F040A3,STAD,gigapath_flash,GigaPath-Flash,4.9197799897588315,-4.9197799897588315,60
TCGA-ZQ-A9CR-01Z-00-DX1.C9AC9991-7054-4068-A7AA-9D1EB7F040A3,STAD,midnight,Midnight,0.3439300215709635,-0.3439300215709635,60
TCGA-ZQ-A9CR-01Z-00-DX1.C9AC9991-7054-4068-A7AA-9D1EB7F040A3,STAD,phikon,Phikon,1.622904858665756,-1.622904858665756,60
TCGA-ZQ-A9CR-01Z-00-DX1.C9AC9991-7054-4068-A7AA-9D1EB7F040A3,STAD,uni,UNI,1.6542864036890266,-1.6542864036890266,60
TCGA-ZQ-A9CR-01Z-00-DX1.C9AC9991-7054-4068-A7AA-9D1EB7F040A3,STAD,uni2,UNI2,1.3081272649235387,-1.3081272649235387,60
TCGA-ZQ-A9CR-01Z-00-DX1.C9AC9991-7054-4068-A7AA-9D1EB7F040A3,STAD,virchow,Virchow,7.0465174315191526,-7.0465174315191526,60
TCGA-ZQ-A9CR-01Z-00-DX1.C9AC9991-7054-4068-A7AA-9D1EB7F040A3,STAD,virchow2,Virchow2,1.5834487483882747,-1.5834487483882747,60
