model,model_display,source_scale,target_scale,repeat,n_cases,balanced_accuracy,macro_f1,log_loss
phikon,Phikon,40x,40x,0,71,0.7729662698412698,0.7791158349304634,0.8691560123437886
phikon,Phikon,40x,10x,0,71,0.6788690476190476,0.6925587956934706,1.0638367543066825
phikon,Phikon,40x,2p5x,0,71,0.125,0.025974025974025976,2.756731482421622
phikon,Phikon,40x,40x,1,71,0.676438492063492,0.6941311612364244,0.870655185210197
phikon,Phikon,40x,10x,1,71,0.6883928571428571,0.6943528693528693,1.0968872457277068
phikon,Phikon,40x,2p5x,1,71,0.078125,0.017605633802816902,2.7593166819989325
phikon,Phikon,40x,40x,2,71,0.7576884920634921,0.7615716799540329,0.8450015885978525
phikon,Phikon,40x,10x,2,71,0.7129464285714285,0.7217817561807331,1.0517412108125201
phikon,Phikon,40x,2p5x,2,71,0.125,0.02631578947368421,2.80393701500131
phikon,Phikon,40x,40x,3,71,0.7719246031746032,0.7763407097288676,0.7976080554640151
phikon,Phikon,40x,10x,3,71,0.7205357142857143,0.7257189018411929,0.9879291692753629
phikon,Phikon,40x,2p5x,3,71,0.1513888888888889,0.07022727272727272,2.705515287025067
phikon,Phikon,40x,40x,4,71,0.7733134920634921,0.7797055305375739,0.8044385072307424
phikon,Phikon,40x,10x,4,71,0.6958829365079365,0.6946767001114826,1.0128212813189659
phikon,Phikon,40x,2p5x,4,71,0.125,0.02531645569620253,2.661001819630165
phikon,Phikon,40x,40x,5,71,0.6924107142857143,0.6929872028556239,0.9833733901532893
phikon,Phikon,40x,10x,5,71,0.6024801587301587,0.6209328865578865,1.2136555149202426
phikon,Phikon,40x,2p5x,5,71,0.125,0.025974025974025976,2.8676675569968295
phikon,Phikon,40x,40x,6,71,0.7375496031746032,0.7496990024079807,0.8638643127211157
phikon,Phikon,40x,10x,6,71,0.6433035714285714,0.6510752851865383,1.047199528120942
phikon,Phikon,40x,2p5x,6,71,0.125,0.02631578947368421,2.7401246134193133
phikon,Phikon,40x,40x,7,71,0.759077380952381,0.763220551378446,0.799979581787935
phikon,Phikon,40x,10x,7,71,0.7383928571428571,0.7386695906432748,0.9526341316451862
phikon,Phikon,40x,2p5x,7,71,0.1375,0.04452380952380952,2.6683828324865737
phikon,Phikon,40x,40x,8,71,0.7187996031746031,0.7254464285714286,0.9407446707796213
phikon,Phikon,40x,10x,8,71,0.6694940476190476,0.6835200983227299,1.128708218349779
phikon,Phikon,40x,2p5x,8,71,0.1388888888888889,0.05097402597402598,2.675204694218064
phikon,Phikon,40x,40x,9,71,0.8019345238095238,0.8070486713578819,0.7563078123785506
phikon,Phikon,40x,10x,9,71,0.7222718253968254,0.7287394622920939,0.9558714860636104
phikon,Phikon,40x,2p5x,9,71,0.125,0.02564102564102564,2.6754247869679153
phikon,Phikon,10x,40x,0,71,0.613640873015873,0.6622372383658294,1.1941125077406178
phikon,Phikon,10x,10x,0,71,0.8631944444444444,0.8610476866185071,0.5443284480134987
phikon,Phikon,10x,2p5x,0,71,0.1938988095238095,0.15699061510628676,2.2348281251139963
phikon,Phikon,10x,40x,1,71,0.6115079365079366,0.6552880362671385,1.2144654530181571
phikon,Phikon,10x,10x,1,71,0.7684027777777778,0.7719264126321772,0.630668241663124
phikon,Phikon,10x,2p5x,1,71,0.27584325396825393,0.2580430515811872,2.24446731753927
phikon,Phikon,10x,40x,2,71,0.630654761904762,0.6749299719887956,1.152786167148098
phikon,Phikon,10x,10x,2,71,0.783234126984127,0.7924199659914426,0.5903208358552736
phikon,Phikon,10x,2p5x,2,71,0.19131944444444443,0.14181204367771533,2.2766386542846284
phikon,Phikon,10x,40x,3,71,0.5492063492063493,0.5769758757790673,1.2033805248647365
phikon,Phikon,10x,10x,3,71,0.8604166666666666,0.8620703172573376,0.512725078213858
phikon,Phikon,10x,2p5x,3,71,0.17743055555555554,0.12267628205128205,2.258285368236158
phikon,Phikon,10x,40x,4,71,0.566220238095238,0.6063451662716368,1.2016625851962912
phikon,Phikon,10x,10x,4,71,0.8743055555555554,0.8717580213903744,0.5308179080349431
phikon,Phikon,10x,2p5x,4,71,0.2548115079365079,0.22756410256410256,2.284812530904031
phikon,Phikon,10x,40x,5,71,0.5931051587301588,0.6286630036630036,1.3098525630002962
phikon,Phikon,10x,10x,5,71,0.8059027777777779,0.8000577423952037,0.6508494230733302
phikon,Phikon,10x,2p5x,5,71,0.18958333333333333,0.1613886113886114,2.4088562912764324
phikon,Phikon,10x,40x,6,71,0.589484126984127,0.6425424532841413,1.2114510622591672
phikon,Phikon,10x,10x,6,71,0.7979662698412698,0.8079773576097105,0.5794729925319567
phikon,Phikon,10x,2p5x,6,71,0.1952876984126984,0.16187657828282828,2.2519919986495576
phikon,Phikon,10x,40x,7,71,0.6073412698412699,0.6503959276018099,1.0710936138149063
phikon,Phikon,10x,10x,7,71,0.8618055555555555,0.8640342500636617,0.5361108325294565
phikon,Phikon,10x,2p5x,7,71,0.25257936507936507,0.22814685314685315,2.1285761158128746
phikon,Phikon,10x,40x,8,71,0.6132440476190477,0.6516250326041348,1.216468760155322
phikon,Phikon,10x,10x,8,71,0.8479166666666667,0.8489620469399881,0.5576182992907046
phikon,Phikon,10x,2p5x,8,71,0.21314484126984126,0.1821789321789322,2.2284373509800806
phikon,Phikon,10x,40x,9,71,0.5837301587301587,0.6205980672444087,1.1940376507809933
phikon,Phikon,10x,10x,9,71,0.8283234126984127,0.8311425475987496,0.5513762716230625
phikon,Phikon,10x,2p5x,9,71,0.17743055555555554,0.12509426847662142,2.2476303576913894
phikon,Phikon,2p5x,40x,0,71,0.2773809523809524,0.26370159550740313,3.3087103227779733
phikon,Phikon,2p5x,10x,0,71,0.3912202380952381,0.3714482980787328,1.9054734660057215
phikon,Phikon,2p5x,2p5x,0,71,0.6637400793650794,0.6472746163682864,1.1211736539941037
phikon,Phikon,2p5x,40x,1,71,0.19791666666666666,0.17252473522853956,3.1003930048013553
phikon,Phikon,2p5x,10x,1,71,0.40367063492063493,0.39443186879666003,1.988381871526893
phikon,Phikon,2p5x,2p5x,1,71,0.6199900793650794,0.597239122041417,1.2741001341533615
phikon,Phikon,2p5x,40x,2,71,0.24875992063492064,0.19603839261097325,3.0224755390393447
phikon,Phikon,2p5x,10x,2,71,0.4318452380952381,0.4254977349791591,1.8157162568929979
phikon,Phikon,2p5x,2p5x,2,71,0.6526289682539683,0.647548558897243,1.1918329308295326
phikon,Phikon,2p5x,40x,3,71,0.18611111111111112,0.15189393939393941,3.3353360356508115
phikon,Phikon,2p5x,10x,3,71,0.406795634920635,0.39471049783549783,1.9643135328219663
phikon,Phikon,2p5x,2p5x,3,71,0.6623511904761905,0.6483173076923077,1.114944946585845
phikon,Phikon,2p5x,40x,4,71,0.29126984126984123,0.27605218855218855,3.2359869801053343
phikon,Phikon,2p5x,10x,4,71,0.44186507936507935,0.43098475087975696,1.7778069968454906
phikon,Phikon,2p5x,2p5x,4,71,0.6345734126984127,0.6242599312452253,1.1449642549015295
phikon,Phikon,2p5x,40x,5,71,0.20138888888888887,0.1387847742795269,3.4786957903005526
phikon,Phikon,2p5x,10x,5,71,0.3500496031746032,0.3387639986824769,2.3181732772722006
phikon,Phikon,2p5x,2p5x,5,71,0.6390873015873015,0.6102957783904075,1.3758938727826773
phikon,Phikon,2p5x,40x,6,71,0.1597222222222222,0.11348163002574767,3.0192341453313176
phikon,Phikon,2p5x,10x,6,71,0.4172123015873016,0.3935423634336678,1.8953629070383988
phikon,Phikon,2p5x,2p5x,6,71,0.6338789682539683,0.6194879853548585,1.1807826634570415
phikon,Phikon,2p5x,40x,7,71,0.20709325396825395,0.15960497835497836,3.2381493372601033
phikon,Phikon,2p5x,10x,7,71,0.5074900793650794,0.4805479814303344,1.962481105948005
phikon,Phikon,2p5x,2p5x,7,71,0.6512400793650793,0.6358807825189572,1.1468816373179629
phikon,Phikon,2p5x,40x,8,71,0.20535714285714285,0.18248511904761905,3.1460749386648392
phikon,Phikon,2p5x,10x,8,71,0.377827380952381,0.3869016905007617,1.9754411778264722
phikon,Phikon,2p5x,2p5x,8,71,0.6498511904761906,0.6348731884057971,1.0700164290406236
phikon,Phikon,2p5x,40x,9,71,0.16021825396825395,0.142192340658365,3.776306398645557
phikon,Phikon,2p5x,10x,9,71,0.4498511904761905,0.45115196078431374,2.257179293810384
phikon,Phikon,2p5x,2p5x,9,71,0.6300595238095238,0.6029934478632151,1.2469566344833487
uni,UNI,40x,40x,0,71,0.759077380952381,0.7616394205209994,0.7763725140822757
uni,UNI,40x,10x,0,71,0.6330853174603175,0.6543329831932774,1.1597166388644429
uni,UNI,40x,2p5x,0,71,0.13194444444444445,0.07158016007761339,3.2276992115128573
uni,UNI,40x,40x,1,71,0.7439484126984127,0.7443689745353832,0.8484034707355631
uni,UNI,40x,10x,1,71,0.5992063492063492,0.6100904599356611,1.2149621916686555
uni,UNI,40x,2p5x,1,71,0.1267361111111111,0.06325677410401415,3.0716332022497155
uni,UNI,40x,40x,2,71,0.7295634920634921,0.7345672365055862,0.8710326937332699
uni,UNI,40x,10x,2,71,0.5919642857142857,0.6035130718954249,1.1433012586650975
uni,UNI,40x,2p5x,2,71,0.1875,0.09888544891640866,3.0197351560229904
uni,UNI,40x,40x,3,71,0.7630456349206349,0.7699390807047457,0.7625346866183844
uni,UNI,40x,10x,3,71,0.6209325396825396,0.6338829063093769,1.1527831313703192
uni,UNI,40x,2p5x,3,71,0.13020833333333331,0.07307141883603652,3.224203537638318
uni,UNI,40x,40x,4,71,0.7437996031746031,0.746130421865716,0.7719942736879803
uni,UNI,40x,10x,4,71,0.6308531746031746,0.6444861919126625,1.042770822450092
uni,UNI,40x,2p5x,4,71,0.16145833333333334,0.08140756302521007,3.0550770680987056
uni,UNI,40x,40x,5,71,0.6932539682539682,0.693236154110767,1.0463308606835835
uni,UNI,40x,10x,5,71,0.5646825396825397,0.5871683871683872,1.3501503823444592
uni,UNI,40x,2p5x,5,71,0.13194444444444445,0.06843711843711844,3.2811438689169403
uni,UNI,40x,40x,6,71,0.7755456349206349,0.7805317187897279,0.8149131518216518
uni,UNI,40x,10x,6,71,0.6401785714285715,0.6568211490521862,1.1213501820845653
uni,UNI,40x,2p5x,6,71,0.14583333333333331,0.08277027027027026,2.977897016817717
uni,UNI,40x,40x,7,71,0.772420634920635,0.7695964091378178,0.7198046613315564
uni,UNI,40x,10x,7,71,0.6384424603174603,0.6621889746889746,1.0381330774512658
uni,UNI,40x,2p5x,7,71,0.1597222222222222,0.08777947154471544,2.987544942441596
uni,UNI,40x,40x,8,71,0.7488095238095238,0.7466690623617868,0.8831047481126851
uni,UNI,40x,10x,8,71,0.6223214285714286,0.6440909967225756,1.1726851891335295
uni,UNI,40x,2p5x,8,71,0.13194444444444445,0.0697172619047619,3.1061722945479766
uni,UNI,40x,40x,9,71,0.7599206349206349,0.7617691460642229,0.8195803461106078
uni,UNI,40x,10x,9,71,0.569593253968254,0.5862301781419428,1.2116540645178389
uni,UNI,40x,2p5x,9,71,0.09895833333333333,0.05067229518449031,3.2670253935731455
uni,UNI,10x,40x,0,71,0.6257440476190477,0.6286069340016709,1.0691916934236854
uni,UNI,10x,10x,0,71,0.8283234126984127,0.8250213462578013,0.6126104007300605
uni,UNI,10x,2p5x,0,71,0.18472222222222223,0.14074385117529029,1.9381990160875215
uni,UNI,10x,40x,1,71,0.6356150793650793,0.6419216983733113,1.1701234495415438
uni,UNI,10x,10x,1,71,0.7988095238095237,0.7946066721002782,0.6860611841184344
uni,UNI,10x,2p5x,1,71,0.15,0.13271205484127885,2.036828394901149
uni,UNI,10x,40x,2,71,0.6686011904761904,0.673300009659036,1.0553225373319877
uni,UNI,10x,10x,2,71,0.8175595238095238,0.8125673346261582,0.6259377077381861
uni,UNI,10x,2p5x,2,71,0.2392361111111111,0.16050775449595778,2.00547922272834
uni,UNI,10x,40x,3,71,0.5948412698412698,0.5949707155589509,1.1534412545345374
uni,UNI,10x,10x,3,71,0.8322916666666667,0.8218961926876014,0.6150924815103282
uni,UNI,10x,2p5x,3,71,0.184375,0.12189062573706308,2.028751038780433
uni,UNI,10x,40x,4,71,0.634077380952381,0.6309822670020038,1.1063465945261834
uni,UNI,10x,10x,4,71,0.8586805555555554,0.8542753943682737,0.6020618780219615
uni,UNI,10x,2p5x,4,71,0.22812499999999997,0.17083333333333334,1.9940285116566816
uni,UNI,10x,40x,5,71,0.5962301587301587,0.6085196927398939,1.3219231800751468
uni,UNI,10x,10x,5,71,0.8090277777777778,0.7983058135534916,0.7370894052350566
uni,UNI,10x,2p5x,5,71,0.18784722222222222,0.09643360515453539,2.0857005826957282
uni,UNI,10x,40x,6,71,0.6646329365079365,0.6761958629605689,1.0946381585457559
uni,UNI,10x,10x,6,71,0.8297123015873016,0.8274067521745541,0.596024633140855
uni,UNI,10x,2p5x,6,71,0.26666666666666666,0.202072192513369,1.9635113084583844
uni,UNI,10x,40x,7,71,0.6753968253968254,0.6836955415759765,1.0108091894196807
uni,UNI,10x,10x,7,71,0.8408234126984128,0.8368347338935573,0.5911066693179816
uni,UNI,10x,2p5x,7,71,0.2947916666666667,0.24418590668590667,1.8383666807121142
uni,UNI,10x,40x,8,71,0.6699900793650794,0.6759160222059839,1.070759057923544
uni,UNI,10x,10x,8,71,0.8314484126984127,0.8263867389060887,0.6161150531019911
uni,UNI,10x,2p5x,8,71,0.17083333333333334,0.13923982993750436,1.9292635507765392
uni,UNI,10x,40x,9,71,0.6479662698412698,0.6564511268458637,1.154952055084493
uni,UNI,10x,10x,9,71,0.8422123015873015,0.8405646469113961,0.5982755641230878
uni,UNI,10x,2p5x,9,71,0.1670138888888889,0.11605477855477855,2.0385479424956374
uni,UNI,2p5x,40x,0,71,0.3325396825396825,0.28385844520136244,2.6472310855320518
uni,UNI,2p5x,10x,0,71,0.40535714285714286,0.36020196908354807,2.1110296531316304
uni,UNI,2p5x,2p5x,0,71,0.7153273809523809,0.7186629256965944,0.8402846026800709
uni,UNI,2p5x,40x,1,71,0.3052579365079365,0.22507623450718078,2.4532982719060685
uni,UNI,2p5x,10x,1,71,0.4086309523809524,0.37954842882996065,2.2706096079446403
uni,UNI,2p5x,2p5x,1,71,0.6602678571428571,0.6502528530775098,0.9568764922153642
uni,UNI,2p5x,40x,2,71,0.25744047619047616,0.17029138939302277,2.5260105768346155
uni,UNI,2p5x,10x,2,71,0.43487103174603176,0.380861801242236,2.1006815800445846
uni,UNI,2p5x,2p5x,2,71,0.7014384920634921,0.70609474052779,1.0015539883228324
uni,UNI,2p5x,40x,3,71,0.276984126984127,0.2190948275862069,2.765615707066221
uni,UNI,2p5x,10x,3,71,0.42961309523809527,0.40829559694691275,2.2898191759065143
uni,UNI,2p5x,2p5x,3,71,0.7738095238095237,0.7700579573934837,0.8295381913738977
uni,UNI,2p5x,40x,4,71,0.31865079365079363,0.26395870635001073,2.4812946705452275
uni,UNI,2p5x,10x,4,71,0.4359126984126984,0.39045786815523653,2.0314964702363025
uni,UNI,2p5x,2p5x,4,71,0.733531746031746,0.7274044486215538,0.839434300695509
uni,UNI,2p5x,40x,5,71,0.23184523809523808,0.16231170129221104,2.8929977358635672
uni,UNI,2p5x,10x,5,71,0.3504960317460317,0.3210034557301181,2.5930318543657855
uni,UNI,2p5x,2p5x,5,71,0.689781746031746,0.6736541174440791,1.0789557572385438
uni,UNI,2p5x,40x,6,71,0.3005952380952381,0.24653361344537816,2.3156750727864788
uni,UNI,2p5x,10x,6,71,0.4223214285714286,0.39231143737722685,2.050867867242777
uni,UNI,2p5x,2p5x,6,71,0.688045634920635,0.6836221151139882,0.9183333286412417
uni,UNI,2p5x,40x,7,71,0.3115575396825397,0.272027972027972,2.469622015565857
uni,UNI,2p5x,10x,7,71,0.37723214285714285,0.33540043290043287,2.127024676925209
uni,UNI,2p5x,2p5x,7,71,0.7040178571428571,0.6967171717171717,0.862079865512303
uni,UNI,2p5x,40x,8,71,0.3634920634920635,0.3032842953523238,2.3008957850912743
uni,UNI,2p5x,10x,8,71,0.3732638888888889,0.3070878623188406,1.9600858203063112
uni,UNI,2p5x,2p5x,8,71,0.703670634920635,0.681069890077243,0.8674708486157888
uni,UNI,2p5x,40x,9,71,0.26954365079365084,0.23335433980595272,2.553891120144728
uni,UNI,2p5x,10x,9,71,0.3249503968253968,0.2932574096225412,2.230452538382729
uni,UNI,2p5x,2p5x,9,71,0.6969246031746031,0.683534705748328,0.9174850205105264
virchow,Virchow,40x,40x,0,71,0.7420634920634921,0.7371409996111336,0.8661987659335776
virchow,Virchow,40x,10x,0,71,0.5713789682539683,0.536107629122335,1.8695194394725552
virchow,Virchow,40x,2p5x,0,71,0.1232638888888889,0.03861940298507463,5.546541184274793
virchow,Virchow,40x,40x,1,71,0.673313492063492,0.6738970588235293,0.9018287985870782
virchow,Virchow,40x,10x,1,71,0.5189980158730159,0.5244071535189956,2.0498885724519735
virchow,Virchow,40x,2p5x,1,71,0.11979166666666666,0.05492424242424242,4.872853143057332
virchow,Virchow,40x,40x,2,71,0.729563492063492,0.7256855373728439,0.9450823363672062
virchow,Virchow,40x,10x,2,71,0.5368551587301588,0.5366547259929613,2.176953667550872
virchow,Virchow,40x,2p5x,2,71,0.15104166666666666,0.05859375,5.666224827631446
virchow,Virchow,40x,40x,3,71,0.7174107142857142,0.7193940734188412,0.8078830172557265
virchow,Virchow,40x,10x,3,71,0.5649801587301587,0.5545878270336475,1.7360303595593414
virchow,Virchow,40x,2p5x,3,71,0.1232638888888889,0.03823529411764706,5.41831330488405
virchow,Virchow,40x,40x,4,71,0.7128968253968253,0.7093796071060002,0.8367029026522863
virchow,Virchow,40x,10x,4,71,0.5278769841269841,0.5392793481028775,1.9558511651031756
virchow,Virchow,40x,2p5x,4,71,0.1371527777777778,0.04908288043478261,5.352197195612523
virchow,Virchow,40x,40x,5,71,0.6878968253968254,0.683673030615755,1.06335575324439
virchow,Virchow,40x,10x,5,71,0.5011408730158731,0.5046199232054496,2.2702645288549923
virchow,Virchow,40x,2p5x,5,71,0.0920138888888889,0.030303030303030304,5.645582429646867
virchow,Virchow,40x,40x,6,71,0.774702380952381,0.7731844930954839,0.7936248270155875
virchow,Virchow,40x,10x,6,71,0.5014880952380952,0.5121683173637508,1.9570546217156233
virchow,Virchow,40x,2p5x,6,71,0.125,0.02631578947368421,5.234412053806833
virchow,Virchow,40x,40x,7,71,0.770188492063492,0.773141339869281,0.7789994251954332
virchow,Virchow,40x,10x,7,71,0.5610119047619048,0.5651535684817419,1.8537743434526923
virchow,Virchow,40x,2p5x,7,71,0.1388888888888889,0.04214340198321892,5.042473216543527
virchow,Virchow,40x,40x,8,71,0.7156746031746031,0.7181704260651629,0.9316239219665898
virchow,Virchow,40x,10x,8,71,0.5399801587301587,0.5070513824625666,1.9606638340231703
virchow,Virchow,40x,2p5x,8,71,0.12549603174603174,0.06550925925925927,4.9930937471099375
virchow,Virchow,40x,40x,9,71,0.7281746031746031,0.7237330458499189,0.8634575671235951
virchow,Virchow,40x,10x,9,71,0.5431547619047619,0.541468253968254,1.9512110863251426
virchow,Virchow,40x,2p5x,9,71,0.15104166666666666,0.06401515151515151,5.13262808936465
virchow,Virchow,10x,40x,0,71,0.5124503968253968,0.48505799755799756,1.8768105815651617
virchow,Virchow,10x,10x,0,71,0.8297123015873016,0.8247807017543859,0.5845062568537279
virchow,Virchow,10x,2p5x,0,71,0.125,0.02564102564102564,4.441307295269467
virchow,Virchow,10x,40x,1,71,0.42837301587301585,0.41481729055258465,2.141994732655871
virchow,Virchow,10x,10x,1,71,0.7894345238095237,0.7853650670794634,0.7124532162466991
virchow,Virchow,10x,2p5x,1,71,0.1638888888888889,0.09331490581490581,4.151623941755446
virchow,Virchow,10x,40x,2,71,0.4279265873015873,0.37872871637406524,1.9139442888608096
virchow,Virchow,10x,10x,2,71,0.749156746031746,0.7455678104575163,0.703328109644182
virchow,Virchow,10x,2p5x,2,71,0.1513888888888889,0.07022727272727272,4.505938252307393
virchow,Virchow,10x,40x,3,71,0.439484126984127,0.391012610577828,2.1324511154508934
virchow,Virchow,10x,10x,3,71,0.7330357142857142,0.7356116310160428,0.6379335204004256
virchow,Virchow,10x,2p5x,3,71,0.1388888888888889,0.048701298701298704,4.403771448142156
virchow,Virchow,10x,40x,4,71,0.4744047619047619,0.43009947421413736,1.954946124164235
virchow,Virchow,10x,10x,4,71,0.8300595238095237,0.8257910401002506,0.5670536914692386
virchow,Virchow,10x,2p5x,4,71,0.1388888888888889,0.04714912280701754,4.491111797271546
virchow,Virchow,10x,40x,5,71,0.43273809523809526,0.3789130434782609,1.9091488821408071
virchow,Virchow,10x,10x,5,71,0.7477678571428572,0.7369281045751634,0.8005591648570164
virchow,Virchow,10x,2p5x,5,71,0.1232638888888889,0.041505791505791506,4.145433343219034
virchow,Virchow,10x,40x,6,71,0.4601190476190476,0.4241715356125234,2.1427881949720167
virchow,Virchow,10x,10x,6,71,0.8064484126984126,0.8075192577030812,0.5414738661973102
virchow,Virchow,10x,2p5x,6,71,0.15674603174603174,0.08029306220095694,4.124215163315801
virchow,Virchow,10x,40x,7,71,0.47614087301587305,0.4414220603244993,1.8927563016721072
virchow,Virchow,10x,10x,7,71,0.7979662698412698,0.7995915032679739,0.6329585826273094
virchow,Virchow,10x,2p5x,7,71,0.125,0.02531645569620253,4.149428986859171
virchow,Virchow,10x,40x,8,71,0.3640376984126984,0.32717952378638027,2.0607229802182485
virchow,Virchow,10x,10x,8,71,0.7908234126984126,0.7892543859649123,0.5942403861534652
virchow,Virchow,10x,2p5x,8,71,0.1638888888888889,0.08952702702702701,4.289492702161307
virchow,Virchow,10x,40x,9,71,0.4009920634920635,0.3481111165717491,2.2101133521605285
virchow,Virchow,10x,10x,9,71,0.7448412698412699,0.7408642623716153,0.6621852960994106
virchow,Virchow,10x,2p5x,9,71,0.11701388888888889,0.07390873015873016,4.650352209556973
virchow,Virchow,2p5x,40x,0,71,0.1795634920634921,0.09076340326340325,5.538855964192534
virchow,Virchow,2p5x,10x,0,71,0.26269841269841265,0.13797013797013796,4.565988429954236
virchow,Virchow,2p5x,2p5x,0,71,0.6580357142857143,0.6500548245614035,1.1853262913697733
virchow,Virchow,2p5x,40x,1,71,0.20456349206349206,0.11587752525252525,5.238889884195457
virchow,Virchow,2p5x,10x,1,71,0.28908730158730156,0.1777988614800759,4.7503723704854695
virchow,Virchow,2p5x,2p5x,1,71,0.6463789682539682,0.6177183174507848,1.4545501682678057
virchow,Virchow,2p5x,40x,2,71,0.1371031746031746,0.07452153110047847,5.10871608003466
virchow,Virchow,2p5x,10x,2,71,0.29047619047619044,0.1881628787878788,4.378912438062762
virchow,Virchow,2p5x,2p5x,2,71,0.6472718253968254,0.6402423030615756,1.4431621103603536
virchow,Virchow,2p5x,40x,3,71,0.2238095238095238,0.12727358848048503,5.286093257674167
virchow,Virchow,2p5x,10x,3,71,0.26304563492063493,0.17129281537176272,4.641387086824508
virchow,Virchow,2p5x,2p5x,3,71,0.6637400793650794,0.6533221507519865,1.3235967939176971
virchow,Virchow,2p5x,40x,4,71,0.18353174603174605,0.08884575569358177,5.272464275630118
virchow,Virchow,2p5x,10x,4,71,0.3172123015873016,0.22815843160670746,4.3928908526512505
virchow,Virchow,2p5x,2p5x,4,71,0.6623511904761905,0.644298245614035,1.3180801475768353
virchow,Virchow,2p5x,40x,5,71,0.1988095238095238,0.12596153846153846,4.949163158845456
virchow,Virchow,2p5x,10x,5,71,0.31860119047619045,0.22446626508492634,4.4795493030099545
virchow,Virchow,2p5x,2p5x,5,71,0.6052579365079365,0.597688461349452,1.7430776674343722
virchow,Virchow,2p5x,40x,6,71,0.18928571428571428,0.08839285714285713,5.256909637894538
virchow,Virchow,2p5x,10x,6,71,0.2751984126984127,0.1744047619047619,4.573779114323481
virchow,Virchow,2p5x,2p5x,6,71,0.6463789682539682,0.6276562446841085,1.3799358719714632
virchow,Virchow,2p5x,40x,7,71,0.16587301587301587,0.1162265154200638,5.191667967711898
virchow,Virchow,2p5x,10x,7,71,0.3220734126984127,0.24649685110211425,4.3719738633914895
virchow,Virchow,2p5x,2p5x,7,71,0.6455357142857143,0.6339168657280112,1.3185135069258338
virchow,Virchow,2p5x,40x,8,71,0.20595238095238094,0.108125,5.503326704075321
virchow,Virchow,2p5x,10x,8,71,0.27554563492063494,0.16339374133491782,4.822365940407901
virchow,Virchow,2p5x,2p5x,8,71,0.6594246031746032,0.6441895179124281,1.2712494391256242
virchow,Virchow,2p5x,40x,9,71,0.2138888888888889,0.10485347985347984,5.391254497723908
virchow,Virchow,2p5x,10x,9,71,0.2613095238095238,0.16159274193548387,4.8732856825638615
virchow,Virchow,2p5x,2p5x,9,71,0.6826884920634921,0.6667185143288085,1.3897889322369374
virchow2,Virchow2,40x,40x,0,71,0.7976190476190477,0.7960163331680359,0.8163471297547825
virchow2,Virchow2,40x,10x,0,71,0.7672123015873016,0.7450088989285045,1.0030416600764198
virchow2,Virchow2,40x,2p5x,0,71,0.5559027777777779,0.5197538572538573,1.5721201460761944
virchow2,Virchow2,40x,40x,1,71,0.7859623015873016,0.7819745442036463,0.8058247578262309
virchow2,Virchow2,40x,10x,1,71,0.7015873015873015,0.6797222222222222,1.0414434693538581
virchow2,Virchow2,40x,2p5x,1,71,0.5402777777777779,0.5093749999999999,1.4544619583611618
virchow2,Virchow2,40x,40x,2,71,0.7573412698412698,0.7532163742690059,0.7945122169326437
virchow2,Virchow2,40x,10x,2,71,0.7144345238095238,0.6866576340681201,1.0120893074483757
virchow2,Virchow2,40x,2p5x,2,71,0.5576388888888888,0.5185977947491105,1.7699487537112604
virchow2,Virchow2,40x,40x,3,71,0.7599206349206349,0.7682118566343394,0.7823477846027654
virchow2,Virchow2,40x,10x,3,71,0.7461805555555555,0.7235722578505086,0.945924123831722
virchow2,Virchow2,40x,2p5x,3,71,0.5780753968253968,0.5709064938684504,1.656245302932468
virchow2,Virchow2,40x,40x,4,71,0.8001984126984127,0.7974702380952381,0.5936812816309539
virchow2,Virchow2,40x,10x,4,71,0.7533234126984127,0.7342060029753529,0.7804567814442154
virchow2,Virchow2,40x,2p5x,4,71,0.6452876984126984,0.6136008089133089,1.442500634220515
virchow2,Virchow2,40x,40x,5,71,0.7876984126984127,0.7777872991301784,0.8277113274937646
virchow2,Virchow2,40x,10x,5,71,0.7394345238095238,0.725585130383892,1.114355425460401
virchow2,Virchow2,40x,2p5x,5,71,0.5295138888888888,0.4953241957318044,1.5960599224784957
virchow2,Virchow2,40x,40x,6,71,0.8172123015873016,0.8183153963339722,0.594937744770066
virchow2,Virchow2,40x,10x,6,71,0.7850694444444444,0.7608041597205684,0.7270860422916413
virchow2,Virchow2,40x,2p5x,6,71,0.5548611111111111,0.5381531565195248,1.408804614300309
virchow2,Virchow2,40x,40x,7,71,0.8243551587301587,0.829017645581113,0.7023197010677392
virchow2,Virchow2,40x,10x,7,71,0.7672123015873016,0.7524443489517019,0.9589726643251655
virchow2,Virchow2,40x,2p5x,7,71,0.5451388888888888,0.5049776579366237,1.4786188484603995
virchow2,Virchow2,40x,40x,8,71,0.743452380952381,0.7434497702589808,0.7828798798144055
virchow2,Virchow2,40x,10x,8,71,0.7354662698412698,0.7185143337111133,1.0165937624860653
virchow2,Virchow2,40x,2p5x,8,71,0.5826388888888888,0.5477360858310936,1.5962634940235962
virchow2,Virchow2,40x,40x,9,71,0.7854662698412698,0.7850410339574426,0.6814351366169954
virchow2,Virchow2,40x,10x,9,71,0.7382440476190476,0.7112131084317785,0.9291220713552654
virchow2,Virchow2,40x,2p5x,9,71,0.5961805555555556,0.5638683344275449,1.6154547123199876
virchow2,Virchow2,10x,40x,0,71,0.661904761904762,0.6778374227103809,0.8611612497185909
virchow2,Virchow2,10x,10x,0,71,0.8475694444444444,0.8424277605779154,0.5781675640543724
virchow2,Virchow2,10x,2p5x,0,71,0.744345238095238,0.7477709760140101,0.860326448734343
virchow2,Virchow2,10x,40x,1,71,0.6669146825396826,0.6922828220822509,1.0774153414772432
virchow2,Virchow2,10x,10x,1,71,0.8493055555555555,0.842890006879945,0.6046470039174089
virchow2,Virchow2,10x,2p5x,1,71,0.7877480158730159,0.7942571929704283,0.7391975543148226
virchow2,Virchow2,10x,40x,2,71,0.6485615079365079,0.6688596491228069,0.9208380046450725
virchow2,Virchow2,10x,10x,2,71,0.8328373015873016,0.8303341073271413,0.5632958208853704
virchow2,Virchow2,10x,2p5x,2,71,0.6728670634920635,0.6739087301587301,1.0897392942154112
virchow2,Virchow2,10x,40x,3,71,0.6252480158730158,0.6629556288225019,1.0296788574276055
virchow2,Virchow2,10x,10x,3,71,0.8493055555555555,0.8469749742002064,0.5428169117823649
virchow2,Virchow2,10x,2p5x,3,71,0.7062996031746032,0.7169385312400018,0.8139708885200944
virchow2,Virchow2,10x,40x,4,71,0.667609126984127,0.6898905016552075,0.9205573644444627
virchow2,Virchow2,10x,10x,4,71,0.8881944444444444,0.8852240896358543,0.5069979077613731
virchow2,Virchow2,10x,2p5x,4,71,0.7724702380952381,0.7797534090007001,0.7324965221656157
virchow2,Virchow2,10x,40x,5,71,0.6369047619047619,0.6683058261183261,1.0025191185235525
virchow2,Virchow2,10x,10x,5,71,0.8506944444444444,0.8423460612315101,0.6113018062104562
virchow2,Virchow2,10x,2p5x,5,71,0.7724702380952381,0.7778496279934899,0.8196951026698948
virchow2,Virchow2,10x,40x,6,71,0.7370535714285714,0.7609301815468174,0.8069187152017631
virchow2,Virchow2,10x,10x,6,71,0.8743055555555554,0.8697647918816649,0.4464579169272496
virchow2,Virchow2,10x,2p5x,6,71,0.7321924603174603,0.7386655140525109,0.8589179913937469
virchow2,Virchow2,10x,40x,7,71,0.6825396825396824,0.7099751275722512,0.8476684762678927
virchow2,Virchow2,10x,10x,7,71,0.8895833333333334,0.8843932748538011,0.5211924283589272
virchow2,Virchow2,10x,2p5x,7,71,0.8064484126984126,0.8113721398757239,0.7227812425685605
virchow2,Virchow2,10x,40x,8,71,0.6842757936507936,0.7074456975772765,1.043576755716429
virchow2,Virchow2,10x,10x,8,71,0.8229166666666666,0.8159700722394221,0.6293027538349949
virchow2,Virchow2,10x,2p5x,8,71,0.747470238095238,0.7431254333957423,0.8819686490071383
virchow2,Virchow2,10x,40x,9,71,0.7214285714285714,0.7348370927318295,0.9495084269305187
virchow2,Virchow2,10x,10x,9,71,0.8717261904761904,0.8686145510835914,0.5663405971862769
virchow2,Virchow2,10x,2p5x,9,71,0.7225198412698413,0.7264412051370255,0.9335850103349318
virchow2,Virchow2,2p5x,40x,0,71,0.45709325396825395,0.43271321070234114,1.7272848377282137
virchow2,Virchow2,2p5x,10x,0,71,0.7481150793650794,0.7208190513047323,1.03086499846068
virchow2,Virchow2,2p5x,2p5x,0,71,0.8489583333333333,0.8397832817337461,0.5085721583913619
virchow2,Virchow2,2p5x,40x,1,71,0.428125,0.39437224526834325,1.6768849445340968
virchow2,Virchow2,2p5x,10x,1,71,0.7463789682539683,0.7320094862567772,1.0778885559733142
virchow2,Virchow2,2p5x,2p5x,1,71,0.8364583333333333,0.8258943928448572,0.5105184331477569
virchow2,Virchow2,2p5x,40x,2,71,0.4534722222222222,0.4069805194805195,1.7468402738932256
virchow2,Virchow2,2p5x,10x,2,71,0.7333829365079365,0.7171879655432287,0.9548591046500343
virchow2,Virchow2,2p5x,2p5x,2,71,0.8520833333333333,0.8490798073615411,0.5703923582316803
virchow2,Virchow2,2p5x,40x,3,71,0.4253472222222222,0.37175854037267075,1.7410568712856183
virchow2,Virchow2,2p5x,10x,3,71,0.7378472222222222,0.6951255980861244,1.0319708408144064
virchow2,Virchow2,2p5x,2p5x,3,71,0.8350694444444444,0.8292859907120743,0.4664833024992294
virchow2,Virchow2,2p5x,40x,4,71,0.4114583333333333,0.375,1.6944008138826554
virchow2,Virchow2,2p5x,10x,4,71,0.7637400793650794,0.7305954956206504,0.9278751085123329
virchow2,Virchow2,2p5x,2p5x,4,71,0.8600694444444444,0.8557072829131653,0.4209291537149539
virchow2,Virchow2,2p5x,40x,5,71,0.3819444444444444,0.34811872909698993,1.7497343386579252
virchow2,Virchow2,2p5x,10x,5,71,0.7356150793650793,0.7075643235763205,1.044058357205261
virchow2,Virchow2,2p5x,2p5x,5,71,0.8770833333333333,0.8700980392156863,0.49404374800698175
virchow2,Virchow2,2p5x,40x,6,71,0.4423611111111111,0.3831947292473608,1.706639932871603
virchow2,Virchow2,2p5x,10x,6,71,0.7651289682539683,0.7564935064935064,0.870249565501007
virchow2,Virchow2,2p5x,2p5x,6,71,0.8350694444444444,0.8307318541451668,0.42378152113623646
virchow2,Virchow2,2p5x,40x,7,71,0.4482142857142857,0.4250290804638631,1.630255084212009
virchow2,Virchow2,2p5x,10x,7,71,0.7745039682539683,0.7595570771995088,0.8788223041535026
virchow2,Virchow2,2p5x,2p5x,7,71,0.8631944444444444,0.8581978844169247,0.4233459417700351
virchow2,Virchow2,2p5x,40x,8,71,0.4003472222222222,0.3480612763793542,1.7669831039094603
virchow2,Virchow2,2p5x,10x,8,71,0.7915178571428572,0.7800398947457772,0.9285505584184135
virchow2,Virchow2,2p5x,2p5x,8,71,0.8927083333333333,0.8876096491228069,0.4759957858110937
virchow2,Virchow2,2p5x,40x,9,71,0.40798611111111105,0.3820562435500516,1.947747020149162
virchow2,Virchow2,2p5x,10x,9,71,0.7128968253968254,0.7006682655579715,1.1366057190725658
virchow2,Virchow2,2p5x,2p5x,9,71,0.8489583333333333,0.8423417612659099,0.5118961161058885
uni2,UNI2,40x,40x,0,71,0.8453373015873016,0.8444014447884418,0.7524942736154412
uni2,UNI2,40x,10x,0,71,0.719047619047619,0.7144702648572618,0.7954537564954908
uni2,UNI2,40x,2p5x,0,71,0.6247519841269842,0.6078194340283787,1.094726924059515
uni2,UNI2,40x,40x,1,71,0.7703373015873016,0.7687289963218755,0.8434616917930813
uni2,UNI2,40x,10x,1,71,0.687797619047619,0.680621580833805,0.8791864268163491
uni2,UNI2,40x,2p5x,1,71,0.5998015873015873,0.5531189359801891,1.177834042758644
uni2,UNI2,40x,40x,2,71,0.8158234126984127,0.8171306022408963,0.8004322553435186
uni2,UNI2,40x,10x,2,71,0.6555555555555556,0.6288424277335568,0.884461958625897
uni2,UNI2,40x,2p5x,2,71,0.6104166666666666,0.5755907491201608,1.181341602446969
uni2,UNI2,40x,40x,3,71,0.8314484126984127,0.8398671310629515,0.7320078625881581
uni2,UNI2,40x,10x,3,71,0.723015873015873,0.7158748726763432,0.7901631137660581
uni2,UNI2,40x,2p5x,3,71,0.6193948412698413,0.609907120743034,1.1734216434468432
uni2,UNI2,40x,40x,4,71,0.8175595238095238,0.8228985320291351,0.7012629242760461
uni2,UNI2,40x,10x,4,71,0.7293154761904761,0.7245774595379592,0.7502961559813933
uni2,UNI2,40x,2p5x,4,71,0.6148809523809523,0.5784099620709529,1.095068000191464
uni2,UNI2,40x,40x,5,71,0.8050595238095237,0.8044449358690845,0.9146888120424127
uni2,UNI2,40x,10x,5,71,0.6157242063492063,0.6226030343614015,0.9478978929355829
uni2,UNI2,40x,2p5x,5,71,0.5705853174603174,0.5569504771815381,1.188555449860756
uni2,UNI2,40x,40x,6,71,0.8314484126984127,0.8367874209180239,0.7565730659255977
uni2,UNI2,40x,10x,6,71,0.7301587301587301,0.7363951332894831,0.7359153979609562
uni2,UNI2,40x,2p5x,6,71,0.6318948412698413,0.6075647451963241,1.023524122133609
uni2,UNI2,40x,40x,7,71,0.8019345238095238,0.8055125558995528,0.7681803671106613
uni2,UNI2,40x,10x,7,71,0.7582837301587302,0.7574303405572755,0.7127651806223115
uni2,UNI2,40x,2p5x,7,71,0.6015376984126983,0.5753653127917834,1.0813519407618457
uni2,UNI2,40x,40x,8,71,0.8047123015873016,0.8043520258980785,0.7910850384489263
uni2,UNI2,40x,10x,8,71,0.6515376984126984,0.6547204408079021,0.8645348491301922
uni2,UNI2,40x,2p5x,8,71,0.5697916666666667,0.5254307234910683,1.157066736649565
uni2,UNI2,40x,40x,9,71,0.7894345238095237,0.7928908949163189,0.7249401459064945
uni2,UNI2,40x,10x,9,71,0.6199404761904761,0.5997335487225193,0.8641579731557322
uni2,UNI2,40x,2p5x,9,71,0.6332837301587302,0.6148475942627241,1.195016938487385
uni2,UNI2,10x,40x,0,71,0.5612599206349207,0.5301868474662592,1.126093369588705
uni2,UNI2,10x,10x,0,71,0.8864583333333333,0.8822420634920635,0.38747861564238095
uni2,UNI2,10x,2p5x,0,71,0.8293650793650793,0.8199499975428768,0.541935841850893
uni2,UNI2,10x,40x,1,71,0.6279265873015872,0.6035528673835125,1.0452075194982935
uni2,UNI2,10x,10x,1,71,0.8547123015873016,0.8539186507936507,0.42213959876676255
uni2,UNI2,10x,2p5x,1,71,0.7962301587301588,0.7944198732124429,0.546411390807096
uni2,UNI2,10x,40x,2,71,0.6140376984126984,0.5912467466743783,1.0569020577577093
uni2,UNI2,10x,10x,2,71,0.8524801587301587,0.853563596491228,0.41372792107778034
uni2,UNI2,10x,2p5x,2,71,0.7971230158730158,0.7942982456140351,0.6469131976071798
uni2,UNI2,10x,40x,3,71,0.6154265873015873,0.5774463383838384,1.0490275995975207
uni2,UNI2,10x,10x,3,71,0.8725694444444444,0.8717505941770647,0.3476892041560849
uni2,UNI2,10x,2p5x,3,71,0.8597222222222223,0.8501921163202122,0.5399510336782504
uni2,UNI2,10x,40x,4,71,0.5612599206349207,0.5447242912316441,1.1132805815094564
uni2,UNI2,10x,10x,4,71,0.8590277777777777,0.8573993612596553,0.37507765569657353
uni2,UNI2,10x,2p5x,4,71,0.8436011904761904,0.8408797729618163,0.5206660840736638
uni2,UNI2,10x,40x,5,71,0.5473710317460317,0.5076464441576003,1.279967314109661
uni2,UNI2,10x,10x,5,71,0.8283234126984127,0.8270833333333334,0.4717072985657987
uni2,UNI2,10x,2p5x,5,71,0.8132440476190477,0.8088972431077694,0.5850117905721698
uni2,UNI2,10x,40x,6,71,0.6497519841269841,0.6290760869565217,0.9923392885872487
uni2,UNI2,10x,10x,6,71,0.8524801587301587,0.853563596491228,0.3743977370787095
uni2,UNI2,10x,2p5x,6,71,0.8374007936507937,0.8391077124629756,0.5072918373582166
uni2,UNI2,10x,40x,7,71,0.5876488095238095,0.5643561299811299,1.0295086631857702
uni2,UNI2,10x,10x,7,71,0.8686011904761906,0.8679096638655461,0.4044234862598855
uni2,UNI2,10x,2p5x,7,71,0.8297123015873016,0.8264976165904958,0.5781826889677638
uni2,UNI2,10x,40x,8,71,0.5890376984126984,0.5490101809954752,1.1355806514995777
uni2,UNI2,10x,10x,8,71,0.8672123015873016,0.8669056637806638,0.38888656479513073
uni2,UNI2,10x,2p5x,8,71,0.8285218253968254,0.8194542847503373,0.5658116597254752
uni2,UNI2,10x,40x,9,71,0.6279265873015872,0.5897207966764418,1.1163878111957954
uni2,UNI2,10x,10x,9,71,0.8672123015873016,0.8669056637806638,0.355034574217105
uni2,UNI2,10x,2p5x,9,71,0.8365079365079365,0.8333718912666281,0.555772941077913
uni2,UNI2,2p5x,40x,0,71,0.3680555555555555,0.30699163286004055,2.1834471754266205
uni2,UNI2,2p5x,10x,0,71,0.6749503968253968,0.665208196516246,0.714275766544147
uni2,UNI2,2p5x,2p5x,0,71,0.9048611111111111,0.9052244582043343,0.3211829003527005
uni2,UNI2,2p5x,40x,1,71,0.30729166666666663,0.2559895833333333,2.139391075787213
uni2,UNI2,2p5x,10x,1,71,0.6882936507936508,0.6760646414760534,0.8021537833505232
uni2,UNI2,2p5x,2p5x,1,71,0.8440972222222223,0.8375379318394024,0.3347511832205224
uni2,UNI2,2p5x,40x,2,71,0.37881944444444443,0.3366695804195804,2.1615980166295556
uni2,UNI2,2p5x,10x,2,71,0.7209325396825397,0.7082034851558178,0.6809709543131793
uni2,UNI2,2p5x,2p5x,2,71,0.8699900793650794,0.8714216468086438,0.3728819875569258
uni2,UNI2,2p5x,40x,3,71,0.35104166666666664,0.32094155844155847,2.1997105275737043
uni2,UNI2,2p5x,10x,3,71,0.6896825396825397,0.6883408387278356,0.727738621699786
uni2,UNI2,2p5x,2p5x,3,71,0.9048611111111111,0.9076367389060888,0.30070667948259544
uni2,UNI2,2p5x,40x,4,71,0.3368055555555555,0.2939903846153846,2.165575588952691
uni2,UNI2,2p5x,10x,4,71,0.7516369047619047,0.7176184384412072,0.6450417775321408
uni2,UNI2,2p5x,2p5x,4,71,0.8895833333333334,0.8878851540616246,0.25237329306270945
uni2,UNI2,2p5x,40x,5,71,0.33854166666666663,0.28986175115207374,2.2983134585729386
uni2,UNI2,2p5x,10x,5,71,0.6757936507936508,0.6492825380396539,0.8944508277165572
uni2,UNI2,2p5x,2p5x,5,71,0.8878472222222222,0.8852277753206546,0.39456931952451685
uni2,UNI2,2p5x,40x,6,71,0.3368055555555555,0.28412686104218365,2.1195533950815366
uni2,UNI2,2p5x,10x,6,71,0.6601686507936508,0.6711525469471525,0.765105490418115
uni2,UNI2,2p5x,2p5x,6,71,0.9048611111111111,0.9076367389060888,0.3180581773503314
uni2,UNI2,2p5x,40x,7,71,0.36979166666666663,0.31562500000000004,2.132409497728605
uni2,UNI2,2p5x,10x,7,71,0.7053075396825397,0.6907395912910619,0.7170816414870905
uni2,UNI2,2p5x,2p5x,7,71,0.8736111111111111,0.8688062066932035,0.3203361901270839
uni2,UNI2,2p5x,40x,8,71,0.36493055555555554,0.3231737012987013,2.188786129605365
uni2,UNI2,2p5x,10x,8,71,0.7365575396825397,0.734812307790249,0.7809925406917673
uni2,UNI2,2p5x,2p5x,8,71,0.8923611111111112,0.8879321465428276,0.32497667685498993
uni2,UNI2,2p5x,40x,9,71,0.37881944444444443,0.3319478653530378,2.3015510269282395
uni2,UNI2,2p5x,10x,9,71,0.667311507936508,0.6493401702786377,0.7949229864334516
uni2,UNI2,2p5x,2p5x,9,71,0.8838789682539683,0.884282397169394,0.31663897298093796
midnight,Midnight,40x,40x,0,71,0.8592261904761904,0.8593874391862009,0.48176296205126407
midnight,Midnight,40x,10x,0,71,0.7993551587301587,0.8035926212590299,0.8389905581588292
midnight,Midnight,40x,2p5x,0,71,0.7382936507936508,0.7342943756449948,0.9561644346203464
midnight,Midnight,40x,40x,1,71,0.8467261904761905,0.8481728217602831,0.4782986575528024
midnight,Midnight,40x,10x,1,71,0.8154761904761905,0.8185688526729549,0.8072721985372456
midnight,Midnight,40x,2p5x,1,71,0.6770337301587301,0.6728281039136302,0.9761953197109866
midnight,Midnight,40x,40x,2,71,0.8609623015873016,0.85984262125903,0.5261906252011003
midnight,Midnight,40x,10x,2,71,0.7931547619047619,0.79323929410541,0.8645831181795411
midnight,Midnight,40x,2p5x,2,71,0.7279265873015872,0.7158552631578947,1.0192410357320314
midnight,Midnight,40x,40x,3,71,0.8467261904761905,0.8492370632463512,0.5535615105931468
midnight,Midnight,40x,10x,3,71,0.7729662698412698,0.7838095630215196,0.8804066568553649
midnight,Midnight,40x,2p5x,3,71,0.690922619047619,0.6905850248536006,1.0367027153916446
midnight,Midnight,40x,40x,4,71,0.8734623015873015,0.8705882352941177,0.5559059069762391
midnight,Midnight,40x,10x,4,71,0.751984126984127,0.7586130024945814,0.808363792206286
midnight,Midnight,40x,2p5x,4,71,0.709126984126984,0.7126685234270373,0.9859409975091022
midnight,Midnight,40x,40x,5,71,0.8095734126984127,0.7985143618851049,0.7359570909863419
midnight,Midnight,40x,10x,5,71,0.7743551587301587,0.7749186614898689,0.8925922894779288
midnight,Midnight,40x,2p5x,5,71,0.6787698412698413,0.6792672787738577,1.0498728790393679
midnight,Midnight,40x,40x,6,71,0.8623511904761905,0.8585999312005504,0.4837535679879534
midnight,Midnight,40x,10x,6,71,0.8172123015873016,0.8190758554199125,0.8101953769739297
midnight,Midnight,40x,2p5x,6,71,0.730704365079365,0.7145376875446534,0.9592774550921516
midnight,Midnight,40x,40x,7,71,0.8467261904761905,0.8481728217602831,0.4817451074427153
midnight,Midnight,40x,10x,7,71,0.8288690476190477,0.8349051662132156,0.8007191043003229
midnight,Midnight,40x,2p5x,7,71,0.7744047619047618,0.7755208972314235,0.942942835070597
midnight,Midnight,40x,40x,8,71,0.8342261904761905,0.8342423153471915,0.6230619072186753
midnight,Midnight,40x,10x,8,71,0.8467261904761905,0.8486239637555426,0.7910528631662003
midnight,Midnight,40x,2p5x,8,71,0.7507936507936508,0.7498577939947909,0.9802258407907042
midnight,Midnight,40x,40x,9,71,0.8609623015873016,0.8595136738906088,0.4686674593552918
midnight,Midnight,40x,10x,9,71,0.8110119047619047,0.8163844325609031,0.782931741962574
midnight,Midnight,40x,2p5x,9,71,0.7494047619047619,0.7524970380982294,0.9882086530168158
midnight,Midnight,10x,40x,0,71,0.8235119047619048,0.8344913922506803,0.7250616735257758
midnight,Midnight,10x,10x,0,71,0.8731150793650794,0.8731817288318836,0.39473676717340245
midnight,Midnight,10x,2p5x,0,71,0.8870039682539683,0.8849206349206349,0.524963817097569
midnight,Midnight,10x,40x,1,71,0.8135912698412698,0.8240357327141383,0.719934500392641
midnight,Midnight,10x,10x,1,71,0.8856150793650794,0.8893101179865885,0.4530246606315989
midnight,Midnight,10x,2p5x,1,71,0.8444940476190477,0.8465064433330687,0.5100648163838375
midnight,Midnight,10x,40x,2,71,0.8524801587301587,0.8597770467836257,0.6900585072909998
midnight,Midnight,10x,10x,2,71,0.8748511904761904,0.8724157206742347,0.51923147515471
midnight,Midnight,10x,2p5x,2,71,0.8901289682539683,0.8863095238095238,0.5393491586339061
midnight,Midnight,10x,40x,3,71,0.7719246031746032,0.7822914619064,0.7591664702530605
midnight,Midnight,10x,10x,3,71,0.8731150793650794,0.875484360410831,0.4972497021964386
midnight,Midnight,10x,2p5x,3,71,0.8149801587301587,0.8206189772559742,0.5662504642145256
midnight,Midnight,10x,40x,4,71,0.7750992063492064,0.7803717245087214,0.7344423866263494
midnight,Midnight,10x,10x,4,71,0.8998511904761906,0.8985294117647059,0.4745144638422495
midnight,Midnight,10x,2p5x,4,71,0.8399801587301587,0.8425106884859206,0.5784643012964144
midnight,Midnight,10x,40x,5,71,0.783234126984127,0.7897988202458017,0.7908114404722093
midnight,Midnight,10x,10x,5,71,0.8609623015873016,0.8541236670106639,0.5970661973705257
midnight,Midnight,10x,2p5x,5,71,0.8569940476190476,0.8545075925106885,0.6208359170654486
midnight,Midnight,10x,40x,6,71,0.8538690476190476,0.8615845747147066,0.6843433706473833
midnight,Midnight,10x,10x,6,71,0.8762400793650793,0.8751554130424098,0.4005599484537515
midnight,Midnight,10x,2p5x,6,71,0.8901289682539683,0.8858193277310924,0.5340033188580939
midnight,Midnight,10x,40x,7,71,0.7997023809523809,0.8139112487100103,0.6847507897408365
midnight,Midnight,10x,10x,7,71,0.8717261904761905,0.8771876141761052,0.4557570135585603
midnight,Midnight,10x,2p5x,7,71,0.8374007936507937,0.8413510101010101,0.49389172686154403
midnight,Midnight,10x,40x,8,71,0.8314484126984127,0.8385575209104621,0.7493069008044759
midnight,Midnight,10x,10x,8,71,0.8481150793650793,0.8458468475109342,0.501192037192556
midnight,Midnight,10x,2p5x,8,71,0.8637400793650793,0.8614127229839303,0.5984125640523701
midnight,Midnight,10x,40x,9,71,0.8274801587301588,0.8408230134158927,0.6971182354026698
midnight,Midnight,10x,10x,9,71,0.9012400793650794,0.9030141223155929,0.4303224781712595
midnight,Midnight,10x,2p5x,9,71,0.8708829365079365,0.8736865258924083,0.5314253347782886
midnight,Midnight,2p5x,40x,0,71,0.7384920634920635,0.7350327836937743,0.9869913408953401
midnight,Midnight,2p5x,10x,0,71,0.8717261904761905,0.8756379166499135,0.6015317342282566
midnight,Midnight,2p5x,2p5x,0,71,0.9034722222222222,0.9027909848149785,0.3386532435559515
midnight,Midnight,2p5x,40x,1,71,0.6947420634920636,0.6820086367880485,1.0106233590908222
midnight,Midnight,2p5x,10x,1,71,0.8413690476190476,0.8520994985462781,0.6225028168862693
midnight,Midnight,2p5x,2p5x,1,71,0.8909722222222223,0.8915441176470589,0.38679764363755853
midnight,Midnight,2p5x,40x,2,71,0.6553571428571429,0.6543560606060606,1.066642890574231
midnight,Midnight,2p5x,10x,2,71,0.8132440476190477,0.8163919413919414,0.6870780863223592
midnight,Midnight,2p5x,2p5x,2,71,0.8592261904761904,0.8601715686274509,0.46567477986479644
midnight,Midnight,2p5x,40x,3,71,0.7112103174603175,0.7126488095238095,1.032199645185123
midnight,Midnight,2p5x,10x,3,71,0.8243551587301587,0.8339397135372368,0.6514282228642365
midnight,Midnight,2p5x,2p5x,3,71,0.8909722222222223,0.8915441176470589,0.4332219427394708
midnight,Midnight,2p5x,40x,4,71,0.7268353174603175,0.7312184343434343,1.0397858753186766
midnight,Midnight,2p5x,10x,4,71,0.8090773809523809,0.8153677462887989,0.6755224367051131
midnight,Midnight,2p5x,2p5x,4,71,0.9038194444444444,0.9006570151984239,0.42804791826624544
midnight,Midnight,2p5x,40x,5,71,0.6996031746031746,0.7034699605520038,1.0619704524974118
midnight,Midnight,2p5x,10x,5,71,0.8235119047619048,0.8271023352292702,0.7125085209317511
midnight,Midnight,2p5x,2p5x,5,71,0.8895833333333334,0.8873723831637919,0.49196466054110993
midnight,Midnight,2p5x,40x,6,71,0.7685019841269841,0.7646084443878561,0.9715036779301701
midnight,Midnight,2p5x,10x,6,71,0.8785218253968254,0.8860596769072001,0.5911554891859588
midnight,Midnight,2p5x,2p5x,6,71,0.8909722222222223,0.8909292225662194,0.3669985620155176
midnight,Midnight,2p5x,40x,7,71,0.7438492063492064,0.7469155844155844,0.964609035854153
midnight,Midnight,2p5x,10x,7,71,0.8556051587301587,0.8634719576089545,0.5988481707897604
midnight,Midnight,2p5x,2p5x,7,71,0.9034722222222222,0.9044507575757577,0.3589463913612357
midnight,Midnight,2p5x,40x,8,71,0.7210813492063493,0.7279508987389423,1.0008757288392462
midnight,Midnight,2p5x,10x,8,71,0.8311011904761905,0.8403738320857885,0.6790524047189406
midnight,Midnight,2p5x,2p5x,8,71,0.8784722222222222,0.8743517801857585,0.46979522590195505
midnight,Midnight,2p5x,40x,9,71,0.6825892857142857,0.684804103060682,1.0578600196659327
midnight,Midnight,2p5x,10x,9,71,0.8078869047619048,0.81777751316451,0.6718280760816221
midnight,Midnight,2p5x,2p5x,9,71,0.9012400793650794,0.9030141223155929,0.37705086554382633
gigapath,GigaPath,40x,40x,0,71,0.7031746031746031,0.7100606909430439,1.066132185288488
gigapath,GigaPath,40x,10x,0,71,0.5485615079365079,0.5585991214667685,1.3370391624632276
gigapath,GigaPath,40x,2p5x,0,71,0.18055555555555555,0.1354222540079862,3.5067867496953125
gigapath,GigaPath,40x,40x,1,71,0.6424107142857143,0.6436544259198721,1.2272926494136205
gigapath,GigaPath,40x,10x,1,71,0.5306547619047619,0.5536728896103895,1.5493364431330923
gigapath,GigaPath,40x,2p5x,1,71,0.12777777777777777,0.09310344827586207,3.4342622994192524
gigapath,GigaPath,40x,40x,2,71,0.6603174603174603,0.6611885104919161,1.2071764079968317
gigapath,GigaPath,40x,10x,2,71,0.5636408730158731,0.5684712484444052,1.4214651533184088
gigapath,GigaPath,40x,2p5x,2,71,0.1684027777777778,0.10052910052910052,3.3730221008687047
gigapath,GigaPath,40x,40x,3,71,0.7000496031746031,0.704710179526356,1.0116300362790112
gigapath,GigaPath,40x,10x,3,71,0.5662202380952381,0.5714285714285714,1.2983197805133637
gigapath,GigaPath,40x,2p5x,3,71,0.23194444444444445,0.1743035190615836,3.3203885370122452
gigapath,GigaPath,40x,40x,4,71,0.7017857142857142,0.700858918128655,0.9953156263212393
gigapath,GigaPath,40x,10x,4,71,0.5608134920634921,0.5462582760376877,1.295946183960964
gigapath,GigaPath,40x,2p5x,4,71,0.20555555555555555,0.14666118195529962,3.3192377735695002
gigapath,GigaPath,40x,40x,5,71,0.6087301587301588,0.5894257703081233,1.3048899723600087
gigapath,GigaPath,40x,10x,5,71,0.5760912698412699,0.5431065644881434,1.462265365026344
gigapath,GigaPath,40x,2p5x,5,71,0.13229166666666667,0.0948340874811463,3.4998747006937148
gigapath,GigaPath,40x,40x,6,71,0.704563492063492,0.7045498361287834,1.0005039503458455
gigapath,GigaPath,40x,10x,6,71,0.6137896825396825,0.6039000199362041,1.2220496384602386
gigapath,GigaPath,40x,2p5x,6,71,0.17777777777777776,0.10856609144280377,3.0769141229494164
gigapath,GigaPath,40x,40x,7,71,0.6736607142857143,0.6757819794584501,0.9213346470670982
gigapath,GigaPath,40x,10x,7,71,0.6401785714285715,0.6069826007326007,1.118134734953227
gigapath,GigaPath,40x,2p5x,7,71,0.17604166666666665,0.12181372549019608,3.058942201430367
gigapath,GigaPath,40x,40x,8,71,0.721031746031746,0.718859649122807,1.0608236432709324
gigapath,GigaPath,40x,10x,8,71,0.6155257936507936,0.604945070913741,1.1658497399698484
gigapath,GigaPath,40x,2p5x,8,71,0.14965277777777777,0.08584162520729685,3.1749728933206867
gigapath,GigaPath,40x,40x,9,71,0.6719246031746031,0.6700622294372295,1.0370246705506108
gigapath,GigaPath,40x,10x,9,71,0.5999007936507936,0.5769191158710215,1.3571595790449202
gigapath,GigaPath,40x,2p5x,9,71,0.11527777777777777,0.08480629539951574,3.671534655650104
gigapath,GigaPath,10x,40x,0,71,0.3780753968253968,0.3529954274199798,1.7805188702878392
gigapath,GigaPath,10x,10x,0,71,0.8194444444444444,0.8158135144009757,0.571591803813059
gigapath,GigaPath,10x,2p5x,0,71,0.44305555555555554,0.3641400108430469,1.7617356358860232
gigapath,GigaPath,10x,40x,1,71,0.3641865079365079,0.34381239808069075,1.7949155648939734
gigapath,GigaPath,10x,10x,1,71,0.7899305555555556,0.7904726583615902,0.6277451571506387
gigapath,GigaPath,10x,2p5x,1,71,0.39499007936507935,0.3202815402806637,1.839418643986548
gigapath,GigaPath,10x,40x,2,71,0.3576388888888889,0.323192004074357,1.771319390928097
gigapath,GigaPath,10x,10x,2,71,0.8033234126984127,0.8030228758169935,0.5900949245333812
gigapath,GigaPath,10x,2p5x,2,71,0.381547619047619,0.34256350267379676,1.9049177922001612
gigapath,GigaPath,10x,40x,3,71,0.33209325396825395,0.3035307341709781,1.7680356246400053
gigapath,GigaPath,10x,10x,3,71,0.8350694444444444,0.8336128310973512,0.5708321190250599
gigapath,GigaPath,10x,2p5x,3,71,0.4109623015873016,0.33013335769090246,1.8734807080742089
gigapath,GigaPath,10x,40x,4,71,0.3937003968253968,0.35552241875771284,1.784575013539577
gigapath,GigaPath,10x,10x,4,71,0.7934027777777778,0.7921772875816993,0.5450095472415099
gigapath,GigaPath,10x,2p5x,4,71,0.39171626984126984,0.3372994652406417,1.808652604012995
gigapath,GigaPath,10x,40x,5,71,0.32356150793650795,0.2962161000763942,1.9587194803438177
gigapath,GigaPath,10x,10x,5,71,0.7545138888888888,0.7509797778760627,0.6735803616651256
gigapath,GigaPath,10x,2p5x,5,71,0.3642857142857143,0.32060897435897434,1.8500252092790919
gigapath,GigaPath,10x,40x,6,71,0.3848214285714286,0.382360679779158,1.7872437289416792
gigapath,GigaPath,10x,10x,6,71,0.7822916666666666,0.7829277544351074,0.6458702102482367
gigapath,GigaPath,10x,2p5x,6,71,0.39087301587301587,0.3477157725260192,1.8688253448546137
gigapath,GigaPath,10x,40x,7,71,0.4121031746031746,0.376687675070028,1.6712194813760748
gigapath,GigaPath,10x,10x,7,71,0.8305555555555555,0.8300148209203937,0.5165953938836718
gigapath,GigaPath,10x,2p5x,7,71,0.5222222222222221,0.4550250117968334,1.6663187300077373
gigapath,GigaPath,10x,40x,8,71,0.38397817460317457,0.3556558229352347,1.7625793646716126
gigapath,GigaPath,10x,10x,8,71,0.7947916666666666,0.7866986706963487,0.5403093568092499
gigapath,GigaPath,10x,2p5x,8,71,0.38060515873015877,0.3186143099746041,1.8703623253385666
gigapath,GigaPath,10x,40x,9,71,0.37375992063492064,0.36501831501831505,1.9838893679073566
gigapath,GigaPath,10x,10x,9,71,0.7876984126984127,0.7917595068330363,0.5812003563160287
gigapath,GigaPath,10x,2p5x,9,71,0.36721230158730156,0.28988725010547856,1.786375573045922
gigapath,GigaPath,2p5x,40x,0,71,0.30729166666666663,0.28343364372776136,3.180991428299341
gigapath,GigaPath,2p5x,10x,0,71,0.49226190476190473,0.4699155011655012,1.7910007332705014
gigapath,GigaPath,2p5x,2p5x,0,71,0.7635416666666666,0.7627137976402683,0.9600093929261805
gigapath,GigaPath,2p5x,40x,1,71,0.246875,0.2315649867374005,3.157165552804094
gigapath,GigaPath,2p5x,10x,1,71,0.46989087301587296,0.4461749330613286,2.057231490618135
gigapath,GigaPath,2p5x,2p5x,1,71,0.705406746031746,0.6985119047619048,1.056660937799465
gigapath,GigaPath,2p5x,40x,2,71,0.3295138888888889,0.2881057114928083,2.7156889022613613
gigapath,GigaPath,2p5x,10x,2,71,0.5387896825396825,0.5314451581027667,1.5506524600671838
gigapath,GigaPath,2p5x,2p5x,2,71,0.743452380952381,0.737640056022409,0.9968200681696674
gigapath,GigaPath,2p5x,40x,3,71,0.31666666666666665,0.28424922600619196,2.8501512839173375
gigapath,GigaPath,2p5x,10x,3,71,0.48234126984126985,0.45496606855302507,1.9019468339892485
gigapath,GigaPath,2p5x,2p5x,3,71,0.7357638888888889,0.7256532049391957,0.9749484031939232
gigapath,GigaPath,2p5x,40x,4,71,0.2934027777777778,0.2552515809402991,2.6558366172669308
gigapath,GigaPath,2p5x,10x,4,71,0.439484126984127,0.3995693138915645,1.7601307187909843
gigapath,GigaPath,2p5x,2p5x,4,71,0.7165178571428572,0.7085526315789474,1.022989785166668
gigapath,GigaPath,2p5x,40x,5,71,0.2652777777777778,0.23829975171886936,3.2992844826240035
gigapath,GigaPath,2p5x,10x,5,71,0.4099702380952381,0.38296422145106357,2.3244913801332627
gigapath,GigaPath,2p5x,2p5x,5,71,0.6495039682539683,0.6384266501042817,1.4240645741441367
gigapath,GigaPath,2p5x,40x,6,71,0.2621527777777778,0.24516369047619047,2.5219834659832854
gigapath,GigaPath,2p5x,10x,6,71,0.448859126984127,0.4212251828631139,1.785044710301509
gigapath,GigaPath,2p5x,2p5x,6,71,0.7720734126984127,0.764484741264927,0.9951585109000572
gigapath,GigaPath,2p5x,40x,7,71,0.27951388888888884,0.24525313620071684,3.1799227302208686
gigapath,GigaPath,2p5x,10x,7,71,0.451140873015873,0.4255729564553094,1.9384071390096071
gigapath,GigaPath,2p5x,2p5x,7,71,0.7331845238095238,0.7249640645731976,0.9024079579891454
gigapath,GigaPath,2p5x,40x,8,71,0.3364583333333333,0.29707170224411605,2.6234208511961556
gigapath,GigaPath,2p5x,10x,8,71,0.48427579365079365,0.46626627528481746,1.7995374686213454
gigapath,GigaPath,2p5x,2p5x,8,71,0.7635416666666666,0.74965942317916,0.875158323458615
gigapath,GigaPath,2p5x,40x,9,71,0.27881944444444445,0.26949761707826225,3.0963898985365903
gigapath,GigaPath,2p5x,10x,9,71,0.4346230158730159,0.4129945054945055,2.0916503164890274
gigapath,GigaPath,2p5x,2p5x,9,71,0.7286706349206349,0.7169159884233414,1.0618002679085017
gigapath_flash,GigaPath-Flash,40x,40x,0,71,0.6575396825396825,0.650453339230429,1.1448343636357539
gigapath_flash,GigaPath-Flash,40x,10x,0,71,0.5722222222222222,0.5191805296153122,1.7824775579066652
gigapath_flash,GigaPath-Flash,40x,2p5x,0,71,0.14965277777777777,0.07584308807134894,4.016194479454468
gigapath_flash,GigaPath-Flash,40x,40x,1,71,0.6160218253968254,0.6169731219073324,1.322106408701203
gigapath_flash,GigaPath-Flash,40x,10x,1,71,0.5270833333333333,0.47488544593807747,1.9697146896723463
gigapath_flash,GigaPath-Flash,40x,2p5x,1,71,0.15238095238095237,0.12427680711783146,3.9591964823438293
gigapath_flash,GigaPath-Flash,40x,40x,2,71,0.6597718253968254,0.6610350637924167,1.2503389631345105
gigapath_flash,GigaPath-Flash,40x,10x,2,71,0.47524801587301585,0.44603315766359247,1.8577441816665257
gigapath_flash,GigaPath-Flash,40x,2p5x,2,71,0.1371527777777778,0.052435192458758835,3.85168646770833
gigapath_flash,GigaPath-Flash,40x,40x,3,71,0.6736607142857143,0.6748698122053385,1.103172694396753
gigapath_flash,GigaPath-Flash,40x,10x,3,71,0.5864583333333333,0.5421214367473959,1.7070201287700346
gigapath_flash,GigaPath-Flash,40x,2p5x,3,71,0.16354166666666667,0.0981645166427775,3.8506333600244833
gigapath_flash,GigaPath-Flash,40x,40x,4,71,0.746031746031746,0.7445308346624137,1.029230857960608
gigapath_flash,GigaPath-Flash,40x,10x,4,71,0.5197916666666667,0.46306556969600454,1.8711373223085386
gigapath_flash,GigaPath-Flash,40x,2p5x,4,71,0.2222222222222222,0.15078781512605044,3.9129097177128394
gigapath_flash,GigaPath-Flash,40x,40x,5,71,0.5877480158730158,0.5852889435126277,1.3998061156348487
gigapath_flash,GigaPath-Flash,40x,10x,5,71,0.5444444444444445,0.4908466654118828,2.0056413037961613
gigapath_flash,GigaPath-Flash,40x,2p5x,5,71,0.1671626984126984,0.11540178571428572,3.9094380406228413
gigapath_flash,GigaPath-Flash,40x,40x,6,71,0.6455357142857143,0.6421043417366947,1.2164642159330177
gigapath_flash,GigaPath-Flash,40x,10x,6,71,0.5579861111111112,0.4895401337792642,1.745117423129602
gigapath_flash,GigaPath-Flash,40x,2p5x,6,71,0.1371527777777778,0.06531531531531531,3.5598825101661844
gigapath_flash,GigaPath-Flash,40x,40x,7,71,0.7264384920634921,0.7251316214745007,0.9804568691222908
gigapath_flash,GigaPath-Flash,40x,10x,7,71,0.5807539682539682,0.5360088157456578,1.5704520729721627
gigapath_flash,GigaPath-Flash,40x,2p5x,7,71,0.20520833333333333,0.14379674145299143,3.7923021075948604
gigapath_flash,GigaPath-Flash,40x,40x,8,71,0.6637400793650794,0.6670025246940882,1.2010702010596597
gigapath_flash,GigaPath-Flash,40x,10x,8,71,0.5297123015873016,0.4682800751879699,1.875325864806952
gigapath_flash,GigaPath-Flash,40x,2p5x,8,71,0.19613095238095235,0.14694050033806624,3.8503334248221415
gigapath_flash,GigaPath-Flash,40x,40x,9,71,0.6597718253968254,0.6596901260504202,1.1862396208603272
gigapath_flash,GigaPath-Flash,40x,10x,9,71,0.4934027777777778,0.4253912753912754,1.8665124373422812
gigapath_flash,GigaPath-Flash,40x,2p5x,9,71,0.12916666666666665,0.10312960066249541,4.30201537153148
gigapath_flash,GigaPath-Flash,10x,40x,0,71,0.4062003968253968,0.36355710983580425,2.079633422188779
gigapath_flash,GigaPath-Flash,10x,10x,0,71,0.7961805555555554,0.7972872103386809,0.5744456245958832
gigapath_flash,GigaPath-Flash,10x,2p5x,0,71,0.26388888888888884,0.23152996126680336,2.076510643451413
gigapath_flash,GigaPath-Flash,10x,40x,1,71,0.278422619047619,0.2553443420378904,2.1543310486315215
gigapath_flash,GigaPath-Flash,10x,10x,1,71,0.7930555555555555,0.7953256302521008,0.662292890097682
gigapath_flash,GigaPath-Flash,10x,2p5x,1,71,0.26473214285714286,0.22575757575757577,2.3087757502015953
gigapath_flash,GigaPath-Flash,10x,40x,2,71,0.340029761904762,0.3034190590111643,2.0214110829540424
gigapath_flash,GigaPath-Flash,10x,10x,2,71,0.8368055555555556,0.8363089095287237,0.5744485261891125
gigapath_flash,GigaPath-Flash,10x,2p5x,2,71,0.28834325396825394,0.25716553183658447,2.00573879811484
gigapath_flash,GigaPath-Flash,10x,40x,3,71,0.350297619047619,0.31453268953268954,2.1107549491507607
gigapath_flash,GigaPath-Flash,10x,10x,3,71,0.8086805555555555,0.8062611408199644,0.5598582828741924
gigapath_flash,GigaPath-Flash,10x,2p5x,3,71,0.2329365079365079,0.20601851851851855,2.3095496656890226
gigapath_flash,GigaPath-Flash,10x,40x,4,71,0.394890873015873,0.3284346514525543,2.060220434019526
gigapath_flash,GigaPath-Flash,10x,10x,4,71,0.7947916666666666,0.793366618976139,0.5479785324436461
gigapath_flash,GigaPath-Flash,10x,2p5x,4,71,0.28521825396825395,0.2502013623295088,2.115253567296159
gigapath_flash,GigaPath-Flash,10x,40x,5,71,0.3360615079365079,0.31020372489194,2.426987922584021
gigapath_flash,GigaPath-Flash,10x,10x,5,71,0.7993055555555555,0.7965987272101822,0.6864369319359406
gigapath_flash,GigaPath-Flash,10x,2p5x,5,71,0.2517361111111111,0.217825311942959,2.165694028811285
gigapath_flash,GigaPath-Flash,10x,40x,6,71,0.40441468253968255,0.361750305997552,2.104542665520092
gigapath_flash,GigaPath-Flash,10x,10x,6,71,0.7961805555555554,0.7954170045211066,0.6384621576231726
gigapath_flash,GigaPath-Flash,10x,2p5x,6,71,0.3013392857142857,0.2599312452253629,2.210587719936182
gigapath_flash,GigaPath-Flash,10x,40x,7,71,0.4093253968253968,0.3561476375633321,1.9295485438985487
gigapath_flash,GigaPath-Flash,10x,10x,7,71,0.8211805555555556,0.821843825249398,0.5385164275757887
gigapath_flash,GigaPath-Flash,10x,2p5x,7,71,0.3291170634920635,0.28849019338149773,1.9963211579026159
gigapath_flash,GigaPath-Flash,10x,40x,8,71,0.3360615079365079,0.2943987573099415,2.0574173420315867
gigapath_flash,GigaPath-Flash,10x,10x,8,71,0.7993055555555555,0.7967524509803922,0.5480791399311331
gigapath_flash,GigaPath-Flash,10x,2p5x,8,71,0.2632936507936508,0.2520422824302134,2.167553924069976
gigapath_flash,GigaPath-Flash,10x,40x,9,71,0.3905753968253968,0.34456785904154325,2.089220490221157
gigapath_flash,GigaPath-Flash,10x,10x,9,71,0.8243055555555555,0.8244800950683304,0.5521357698407966
gigapath_flash,GigaPath-Flash,10x,2p5x,9,71,0.246875,0.20179533110567593,2.1094335043842576
gigapath_flash,GigaPath-Flash,2p5x,40x,0,71,0.2626984126984127,0.20442825430147946,4.814778311368981
gigapath_flash,GigaPath-Flash,2p5x,10x,0,71,0.4168650793650793,0.33621723145780047,2.8434021799184626
gigapath_flash,GigaPath-Flash,2p5x,2p5x,0,71,0.7107638888888889,0.7048689431913115,1.0196685522813724
gigapath_flash,GigaPath-Flash,2p5x,40x,1,71,0.18546626984126985,0.13904691799428642,4.8581136031460925
gigapath_flash,GigaPath-Flash,2p5x,10x,1,71,0.3428075396825397,0.30215607794842075,3.3400364190354748
gigapath_flash,GigaPath-Flash,2p5x,2p5x,1,71,0.702281746031746,0.6989368474662593,1.0634741054739274
gigapath_flash,GigaPath-Flash,2p5x,40x,2,71,0.22247023809523808,0.18545687049523366,4.444844461835686
gigapath_flash,GigaPath-Flash,2p5x,10x,2,71,0.31850198412698416,0.2703875834310617,3.029619320951331
gigapath_flash,GigaPath-Flash,2p5x,2p5x,2,71,0.6401785714285715,0.6362212778621447,1.1432974377495484
gigapath_flash,GigaPath-Flash,2p5x,40x,3,71,0.19429563492063495,0.12024086378737542,4.762207786937786
gigapath_flash,GigaPath-Flash,2p5x,10x,3,71,0.4253968253968254,0.36215173715173715,3.1327366332111244
gigapath_flash,GigaPath-Flash,2p5x,2p5x,3,71,0.7513888888888889,0.7447472848788638,1.04581503029516
gigapath_flash,GigaPath-Flash,2p5x,40x,4,71,0.2908234126984127,0.2187229437229437,4.486777368375968
gigapath_flash,GigaPath-Flash,2p5x,10x,4,71,0.39900793650793653,0.34063985442661915,2.954002451472698
gigapath_flash,GigaPath-Flash,2p5x,2p5x,4,71,0.7043650793650793,0.7012849079025549,1.0036627271417211
gigapath_flash,GigaPath-Flash,2p5x,40x,5,71,0.21810515873015876,0.1700940319842759,5.09349861290638
gigapath_flash,GigaPath-Flash,2p5x,10x,5,71,0.32470238095238096,0.2609334716720116,3.546577999243435
gigapath_flash,GigaPath-Flash,2p5x,2p5x,5,71,0.6356150793650793,0.62504779577148,1.3127292050421018
gigapath_flash,GigaPath-Flash,2p5x,40x,6,71,0.21359126984126983,0.1729189737910668,4.426843629644601
gigapath_flash,GigaPath-Flash,2p5x,10x,6,71,0.39052579365079365,0.35765224358974357,3.113508200030246
gigapath_flash,GigaPath-Flash,2p5x,2p5x,6,71,0.6665178571428572,0.6633738982036196,1.1119289152180136
gigapath_flash,GigaPath-Flash,2p5x,40x,7,71,0.22921626984126986,0.18472222222222223,4.999843979604641
gigapath_flash,GigaPath-Flash,2p5x,10x,7,71,0.3615575396825397,0.3119449994449994,3.410229683114557
gigapath_flash,GigaPath-Flash,2p5x,2p5x,7,71,0.6633928571428571,0.6605045925866359,1.0065282079608253
gigapath_flash,GigaPath-Flash,2p5x,40x,8,71,0.2640873015873016,0.20955678040402045,4.532149879895497
gigapath_flash,GigaPath-Flash,2p5x,10x,8,71,0.43392857142857144,0.3762844611528822,3.1054742194406333
gigapath_flash,GigaPath-Flash,2p5x,2p5x,8,71,0.7081845238095238,0.6907845928226364,0.9367310016521913
gigapath_flash,GigaPath-Flash,2p5x,40x,9,71,0.1644345238095238,0.11026021080368906,4.77638657357414
gigapath_flash,GigaPath-Flash,2p5x,10x,9,71,0.3445436507936508,0.3005427170868347,3.2157332281896003
gigapath_flash,GigaPath-Flash,2p5x,2p5x,9,71,0.6580357142857143,0.6496449456975772,1.2546270337314722
