metric_a,metric_b,spearman_rho,exact_two_sided_p,extreme_permutations,total_permutations,holm_p,significant_holm_0_05
CKA,Retention,0.8333333333333335,0.015376984126984126,620,40320,0.13839285714285712,False
CKA,Retrieval,-0.523809523809524,0.19662698412698412,7928,40320,1.0,False
CKA,Recall@1,0.4285714285714286,0.2992063492063492,12064,40320,1.0,False
CKA,NPS,0.5952380952380953,0.13229166666666667,5334,40320,1.0,False
Retention,Retrieval,-0.5476190476190477,0.17098214285714286,6894,40320,1.0,False
Retention,Recall@1,0.1666666666666667,0.7033234126984127,28358,40320,1.0,False
Retention,NPS,0.9047619047619048,0.004563492063492064,184,40320,0.04563492063492064,True
Retrieval,Recall@1,-0.09523809523809526,0.8401289682539682,33874,40320,1.0,False
Retrieval,NPS,-0.5000000000000001,0.21617063492063493,8716,40320,1.0,False
Recall@1,NPS,-0.2142857142857143,0.6190972222222222,24962,40320,1.0,False
