model_a,model_a_display,model_b,model_b_display,median_a,median_b,mean_a,mean_b,median_paired_difference_a_minus_b,mean_paired_difference_a_minus_b,wilcoxon_statistic,raw_p,rank_biserial_a_minus_b,n_positive_diff,n_negative_diff,n_zero_diff,holm_p,significant_holm_0_05,direction
phikon,Phikon,uni,UNI,-1.4355983896269964,-1.4537307425090469,-1.211903157960914,-1.2275089296061454,0.11086028906298284,0.015605771645231702,1235.0,0.8053858103286682,0.033646322378716745,41,30,0,1.0,False,Phikon > UNI
phikon,Phikon,virchow,Virchow,-1.4355983896269964,-2.813054572914377,-1.211903157960914,-2.945937805727659,1.5609077876447766,1.734034647766745,168.0,2.0159910416953926e-10,0.8685446009389671,61,10,0,4.435180291729864e-09,True,Phikon > Virchow
phikon,Phikon,virchow2,Virchow2,-1.4355983896269964,-0.488039222188992,-1.211903157960914,-0.5797450777105327,-0.529974340850528,-0.632158080250381,467.0,3.3696552499392963e-06,-0.634585289514867,19,52,0,3.369655249939296e-05,True,Virchow2 > Phikon
phikon,Phikon,uni2,UNI2,-1.4355983896269964,-0.376114346736334,-1.211903157960914,-0.5928954127228069,-0.7116876165919127,-0.6190077452381069,505.0,9.45994616915865e-06,-0.6048513302034428,23,48,0,7.56795693532692e-05,True,UNI2 > Phikon
phikon,Phikon,midnight,Midnight,-1.4355983896269964,-0.3641573646122502,-1.211903157960914,-0.31882719999465403,-0.9872754008013512,-0.8930759579662598,277.0,9.71874224592302e-09,-0.7832550860719875,13,58,0,1.7493736042661435e-07,True,Midnight > Phikon
phikon,Phikon,gigapath,GigaPath,-1.4355983896269964,-1.4813697972152504,-1.211903157960914,-1.28846027085996,0.06280619463729198,0.07655711289904618,1185.0,0.5941202968326382,0.07276995305164319,37,34,0,1.0,False,Phikon > GigaPath
phikon,Phikon,gigapath_flash,GigaPath-Flash,-1.4355983896269964,-1.94007792315308,-1.211903157960914,-2.0235385421187027,0.3444893411391504,0.8116353841577885,507.0,9.975516599849919e-06,0.6032863849765259,52,19,0,7.56795693532692e-05,True,Phikon > GigaPath-Flash
uni,UNI,virchow,Virchow,-1.4537307425090469,-2.813054572914377,-1.2275089296061454,-2.945937805727659,1.6555679740932516,1.7184288761215132,89.0,9.573393721896763e-12,0.9303599374021909,63,8,0,2.393348430474191e-10,True,UNI > Virchow
uni,UNI,virchow2,Virchow2,-1.4537307425090469,-0.488039222188992,-1.2275089296061454,-0.5797450777105327,-0.6630629792484155,-0.6477638518956127,312.0,3.111903196170134e-08,-0.755868544600939,12,59,0,5.290235433489227e-07,True,Virchow2 > UNI
uni,UNI,uni2,UNI2,-1.4537307425090469,-0.376114346736334,-1.2275089296061454,-0.5928954127228069,-0.37076473134896915,-0.6346135168833387,402.0,5.185033688586858e-07,-0.6854460093896714,17,54,0,6.740543795162916e-06,True,UNI2 > UNI
uni,UNI,midnight,Midnight,-1.4537307425090469,-0.3641573646122502,-1.2275089296061454,-0.31882719999465403,-1.0511140118753954,-0.9086817296114915,239.0,2.6278984982532956e-09,-0.8129890453834115,13,58,0,5.255796996506591e-08,True,Midnight > UNI
uni,UNI,gigapath,GigaPath,-1.4537307425090469,-1.4813697972152504,-1.2275089296061454,-1.28846027085996,0.11437145645138846,0.06095134125381449,1173.0,0.5474186151223148,0.08215962441314555,40,31,0,1.0,False,UNI > GigaPath
uni,UNI,gigapath_flash,GigaPath-Flash,-1.4537307425090469,-1.94007792315308,-1.2275089296061454,-2.0235385421187027,0.7671253142856074,0.7960296125125568,498.0,7.84862879635843e-06,0.6103286384976526,50,21,0,7.063765916722587e-05,True,UNI > GigaPath-Flash
virchow,Virchow,virchow2,Virchow2,-2.813054572914377,-0.488039222188992,-2.945937805727659,-0.5797450777105327,-2.31495863307895,-2.3661927280171264,15.0,4.594535161156598e-13,-0.9882629107981221,4,67,0,1.2405244935122815e-11,True,Virchow2 > Virchow
virchow,Virchow,uni2,UNI2,-2.813054572914377,-0.376114346736334,-2.945937805727659,-0.5928954127228069,-2.3891651812609056,-2.3530423930048516,53.0,2.2338359378930693e-12,-0.9585289514866979,6,65,0,5.8079734385219804e-11,True,UNI2 > Virchow
virchow,Virchow,midnight,Midnight,-2.813054572914377,-0.3641573646122502,-2.945937805727659,-0.31882719999465403,-2.524306351544577,-2.6271106057330047,5.0,3.0070444336810076e-13,-0.9960876369327074,1,70,0,8.419724414306821e-12,True,Midnight > Virchow
virchow,Virchow,gigapath,GigaPath,-2.813054572914377,-1.4813697972152504,-2.945937805727659,-1.28846027085996,-1.7600983116111437,-1.6574775348676984,137.0,6.245424996373616e-11,-0.8928012519561815,10,61,0,1.4989019991296677e-09,True,GigaPath > Virchow
virchow,Virchow,gigapath_flash,GigaPath-Flash,-2.813054572914377,-1.94007792315308,-2.945937805727659,-2.0235385421187027,-0.8854621530874716,-0.9223992636089567,363.0,1.5815812285161486e-07,-0.715962441314554,14,57,0,2.372371842774223e-06,True,GigaPath-Flash > Virchow
virchow2,Virchow2,uni2,UNI2,-0.488039222188992,-0.376114346736334,-0.5797450777105327,-0.5928954127228069,-0.05013083563336962,0.013150335012274085,1236.0,0.8098239874226024,0.03286384976525822,33,38,0,1.0,False,UNI2 > Virchow2
virchow2,Virchow2,midnight,Midnight,-0.488039222188992,-0.3641573646122502,-0.5797450777105327,-0.31882719999465403,-0.15829015142759995,-0.2609178777158788,772.0,0.0037400051761984645,-0.39593114241001565,24,47,0,0.022440031057190786,True,Midnight > Virchow2
virchow2,Virchow2,gigapath,GigaPath,-0.488039222188992,-1.4813697972152504,-0.5797450777105327,-1.28846027085996,0.7507717722095664,0.7087151931494271,402.0,5.185033688586858e-07,0.6854460093896714,58,13,0,6.740543795162916e-06,True,Virchow2 > GigaPath
virchow2,Virchow2,gigapath_flash,GigaPath-Flash,-0.488039222188992,-1.94007792315308,-0.5797450777105327,-2.0235385421187027,1.5846243649190754,1.4437934644081696,183.0,3.5150374016991333e-10,0.8568075117370892,60,11,0,7.38157854356818e-09,True,Virchow2 > GigaPath-Flash
uni2,UNI2,midnight,Midnight,-0.376114346736334,-0.3641573646122502,-0.5928954127228069,-0.31882719999465403,-0.0880852137427508,-0.27406821272815285,800.0,0.006165233372048668,-0.37402190923317685,29,42,0,0.03082616686024334,True,Midnight > UNI2
uni2,UNI2,gigapath,GigaPath,-0.376114346736334,-1.4813697972152504,-0.5928954127228069,-1.28846027085996,0.8395163867577933,0.6955648581371532,429.0,1.1467075369688987e-06,0.6643192488262911,56,15,0,1.2613782906657885e-05,True,UNI2 > GigaPath
uni2,UNI2,gigapath_flash,GigaPath-Flash,-0.376114346736334,-1.94007792315308,-0.5928954127228069,-2.0235385421187027,1.412805735932002,1.4306431293958952,241.0,2.8184084708916407e-09,0.8114241001564946,57,14,0,5.3549760946941174e-08,True,UNI2 > GigaPath-Flash
midnight,Midnight,gigapath,GigaPath,-0.3641573646122502,-1.4813697972152504,-0.31882719999465403,-1.28846027085996,1.2315484389037155,0.9696330708653058,343.0,8.44296986725348e-08,0.7316118935837246,59,12,0,1.3508751787605568e-06,True,Midnight > GigaPath
midnight,Midnight,gigapath_flash,GigaPath-Flash,-0.3641573646122502,-1.94007792315308,-0.31882719999465403,-2.0235385421187027,1.671736982007463,1.704711342124048,147.0,9.145289076786223e-11,0.8849765258215962,62,9,0,2.1034164876608313e-09,True,Midnight > GigaPath-Flash
gigapath,GigaPath,gigapath_flash,GigaPath-Flash,-1.4813697972152504,-1.94007792315308,-1.28846027085996,-2.0235385421187027,0.7154470077543426,0.7350782712587424,393.0,3.959289737422693e-07,0.6924882629107981,57,14,0,5.543005632391771e-06,True,GigaPath > GigaPath-Flash
