case_id,phikon,uni,virchow,virchow2,uni2,midnight,gigapath,gigapath_flash
TCGA-55-6986-01Z-00-DX1.ae52d41e-3cd6-4d36-b04b-2ea7d29bd8da,-1.4662316365642292,-1.6546460347239018,-2.404960731374771,-0.0867940217295455,-0.0186914354874953,-0.0724355013405695,-0.8375657939391119,-3.370079941515089
TCGA-64-5779-01Z-00-DX1.B3268447-DCE0-4927-B5A9-EC4D61E9B17D,1.150741151122911,0.3076650114974686,-0.893998667269552,-0.1841223541597827,0.8045270970639145,-0.0888818434830053,1.087934956485619,0.269063415229917
TCGA-78-7158-01Z-00-DX1.74db3dcd-2715-4ce7-8e48-30c8b7946ba0,-1.8766100726421195,-1.849971872625665,-3.376615384044708,-0.3638318664051708,-0.0357207509286756,-0.1912464753399915,-1.5704753220347902,-3.0877011143008373
TCGA-78-7163-01Z-00-DX1.42880bdf-271d-41dd-aada-e7ec1156ff31,-1.9616582332767625,-2.7950359169048204,-4.069511368909659,-0.4587979155064863,-0.1508184519172586,-0.1307304646016185,-1.42251194401291,-2.737789546867845
TCGA-78-7536-01Z-00-DX1.6b066140-8b82-40a5-bd48-430eeb4463fe,-1.6441618803215114,-2.1708265236179827,-3.1845508326666403,-1.3313532348458743,-0.2018881740665786,-0.1947460638736433,-1.8466510907794644,-2.9915839946683938
TCGA-86-8668-01Z-00-DX1.d720d486-02c7-4f98-8feb-e0e50a12c158,-1.6254003803674697,-1.5259005511797905,-1.6189788981182205,-0.1909134462159991,-0.0001342833508326,-0.125484657281201,-0.282344338833331,-1.94007792315308
TCGA-97-A4LX-01Z-00-DX1.B2334672-A626-4E74-B4D1-A79F70F65909,-1.590324713885955,-1.701185002948938,-3.3567529770421896,-0.0789348314913059,-0.070743949311538,-0.0674657795680426,-1.5565886102947752,-2.842216192704948
TCGA-97-A4M2-01Z-00-DX1.5C72522C-1538-4D68-B517-5FB05A9D401A,-1.8163789939132893,-1.9874008836711647,-3.131723968331139,-0.1997810551145818,-0.1071130751279532,-0.066054853743598,-1.3445264430559547,-3.106117328442496
TCGA-A3-3346-01Z-00-DX1.95280216-fd71-4a03-b452-6e3d667f2542,-1.7609441106087629,-0.6415154914889803,-2.751198173288448,-0.4026454405112712,-0.3620329920275425,-0.7736687098074116,-1.370441001806537,-1.2944011539805296
TCGA-A3-A8CQ-01Z-00-DX1.78DA0827-5FB8-4B9F-A845-22F85830B5FB,-1.97881901222944,-0.8329198389280752,-3.5819279495971057,-0.2988251940957657,-0.0913638484129742,-0.4068988486838736,-2.0993311543847226,-2.3214250947478097
TCGA-A5-A0GX-01Z-00-DX1.7E713D1A-5858-4648-957D-77189E43CFAA,-1.8417729406822203,-1.4398302825361926,-3.1306575372138363,-0.3374261725376513,-0.0708766521719716,-0.4115531858455278,-0.4890576150444714,-1.562297971596263
TCGA-A5-A0R7-01Z-00-DX1.D21E6974-22A3-4A68-8B4E-14E84A7A50A5,-1.951026200930176,-2.3278264082620552,-3.980413875635134,-1.059330457848257,-0.4412577196181126,-0.8423342144515611,-1.787934884540166,-3.0949517225476626
TCGA-A7-A2KD-01Z-00-DX1.BFF2DFC8-1D95-4DC2-98FC-5BD7D7C6CDF5,-2.674921046283584,-1.213834351253569,-1.1576582922687593,-0.3632299572868424,-0.9873055865643204,-0.8401463784779518,-0.2884603267271887,-2.4001113224963224
TCGA-AK-3444-01Z-00-DX1.1F0E0B47-29FF-456F-800A-539983FDCFAA,-0.9114318272222168,-1.235908278766437,-3.3468795153223763,-0.5637746565180796,-0.0494914453013972,-0.6328634456194128,-1.9181728913647007,-2.5139169034712285
TCGA-AN-A0G0-01Z-00-DX1.BE0BB5DF-DEDA-48D8-B5D8-2735C767F28F,-1.7610168587778765,-1.0633306927322954,-3.217750719056695,-0.9466424931660186,-1.1366133243111054,0.0402751703743218,-1.5540662859995165,-2.537331302064792
TCGA-AQ-A04L-01Z-00-DX1.F35BF4DD-896A-43C2-8DA6-C67945C003BE,-3.0984967498813067,-2.0279410838212777,-1.949504676198822,-0.586789988955129,-0.2405236310034329,-0.3768905374564382,-2.547643739458057,-2.307230335317896
TCGA-AR-A2LK-01Z-00-DX1.FBD59C38-CD4E-4C22-BC74-A57C192A9BBC,-1.773176821922995,-0.9776579207056488,-2.6981144904195844,-0.2888667269464161,-0.6068931893566797,-0.286676084234342,-1.4666355233856914,-2.5860042486831745
TCGA-AR-A5QM-01Z-00-DX1.A9017CED-FF57-4090-95B9-94DC91854347,-1.6418058693172763,-0.9363292874625468,-1.720042526960382,-0.1303609551086716,-0.6965575784146019,-0.397045114012762,-1.646347432768025,-2.6868905452726284
TCGA-AX-A05U-01Z-00-DX1.1EBFC727-B5D5-4543-BBA9-4254ABD3D584,-1.000365044938516,-1.7139932845118178,-3.609708120725598,-0.3057221664858721,-0.1665160512894249,-0.2592675047609167,-1.0997494066887414,-2.492913147800495
TCGA-AX-A06B-01Z-00-DX2.1757C039-99F7-4087-A9E5-D340AF7220D4,-0.5628690262979396,-1.774156274915264,-2.813054572914377,-0.9016226445403274,-0.3729051991564976,-0.6933616182157974,-0.6610978221730652,-0.668834654929338
TCGA-AX-A0J0-01Z-00-DX2.56C668BE-03B8-4B87-A226-AABD97D53C38,-1.0523497583657828,-2.592710559467961,-3.6989640058197546,-0.4636533316001656,-0.1471034487723072,-0.4633201023044416,-1.049604319152518,-1.3259591399616428
TCGA-AY-A8YK-01Z-00-DX1.89E3C546-0425-449B-A6FB-1C35168EA7EB,-0.8960307077256767,-2.904663328482814,-1.2690600157468852,-0.9269175070859624,-1.0877899131260982,0.4292607275632841,-3.731076781839808,-1.2177105325724442
TCGA-B0-5094-01Z-00-DX1.eac31fe2-09da-4ecf-8e25-c073cbb03295,-1.2557619081928997,-0.6004798441595249,-3.24969333393856,-0.1299478692405339,-0.2913799807163741,-0.725386982393983,-1.4895950223274164,-1.5155765899889415
TCGA-B0-5106-01Z-00-DX1.564e51a3-be50-4eed-ba9c-4d478b96ffc6,-1.1995134382354824,-0.3743958566426337,-1.8169959480527225,-0.0098933005537637,-0.0234604295473545,-0.3641573646122502,-0.9339742987483356,-1.6494213065026782
TCGA-B0-5711-01Z-00-DX1.6839921f-ec08-4e94-8bf9-4b5a4fcdda45,-1.5059680469314176,-0.4048035627536382,-2.1027274359678945,-0.0088986602304135,-0.0429777827643642,-0.3391479142779586,-0.8824941695221574,-1.4524843456942782
TCGA-B2-5633-01Z-00-DX1.c55a29ca-468e-46de-9ff5-a51f46fe09fd,-1.4355983896269964,-0.6947400295686251,-2.667705731641738,-0.013193074640071,-0.0462689012390159,-0.4623791926159891,-1.3941290380871163,-1.9309597838455228
TCGA-B5-A11F-01Z-00-DX1.3F1C053D-E81E-4C8D-965D-6F3DE29D9511,-1.547068257844619,-2.6664297048173777,-4.336268059717266,-0.5564661752307442,-0.1481308446395836,-0.6327402831808322,-2.49707389947805,-3.558791928328806
TCGA-BA-6871-01Z-00-DX1.4d9ca329-f8d5-4c31-a20f-9d4fba728326,0.984973153717462,1.1471737370288155,-0.245297422587213,1.1652382026726904,0.4372953152018592,-0.8001460084262934,2.080144713365608,0.8526258270142641
TCGA-BA-6872-01Z-00-DX1.F99F6394-D319-4599-B124-D2A6692FA096,-0.2182557557202854,-0.5459493492443522,-3.833451709996517,0.1324225223352786,-1.307190201207168,-0.7664483211584209,1.107617969777885,0.820427148467474
TCGA-BG-A0W1-01Z-00-DX1.8E06269C-1278-478B-A128-59FA911B1649,-1.1961818736963876,-2.1123825895095547,-3.8006294931934255,-0.488039222188992,-0.1859328215532987,-0.4699524774797637,-2.0584872419005578,-2.7334561703003364
TCGA-BH-A0C1-01Z-00-DX1.21FE357E-B182-4397-BFEF-7E96E994236A,-3.379466230115652,-1.2727584357292396,-1.5369389080306164,-0.2074816784824834,-0.940163686021428,-0.4157484609804818,-2.034466743351765,-2.9357180147348574
TCGA-BP-4991-01Z-00-DX1.71305f5c-ca59-48fa-bb82-4b441c1fffdc,-1.7500458121835554,-0.8151581016178127,-2.2803732236265604,-0.0550083873657545,-0.0773799912767182,-0.6203495448068855,-1.4428994529835095,-1.5863574616589775
TCGA-BP-5201-01Z-00-DX1.d1a9878e-bb97-48fb-9098-9d9337f06250,-0.8336690413941036,-0.3855645359492066,-2.528224748647518,-0.4755873184297549,-0.3141755900836824,0.3293289179530261,-0.9022195209506894,-0.1978298085176784
TCGA-BR-6452-01Z-00-DX1.aec8246e-9dce-436d-9faa-df8fa1f6e47c,-1.1096699902297795,-0.4059849220394139,-5.038513545391412,-1.0292409758380878,-0.943631393251763,0.9961395083055022,-1.637523955453188,-4.608157651140846
TCGA-BR-6454-01Z-00-DX1.63fb6280-2b43-49b2-960a-eb9c0e8b617c,-1.2125323015055185,-1.946802239634216,-7.230179613868903,-0.6825579606549905,-0.9148824004165282,-0.0854305275057579,-3.137175584066702,-6.050206857443625
TCGA-BR-A4CQ-01Z-00-DX1.B63282A5-154D-441B-BF96-5BB26CB6D95E,-1.007302386505065,-1.5071036398088744,-5.850735992307916,-0.8440406605604589,-0.7475750624746491,-0.3443485728900698,-2.071449194743746,-3.870626687674728
TCGA-CD-A487-01Z-00-DX1.A026BD2F-B721-4340-83D5-7AA39227C90F,-0.3762735945103024,-0.7546320688815663,-4.236818926456171,-0.7363821082708165,-0.656268635376712,-0.5780919568432166,-1.933647331935442,-3.0997323003013646
TCGA-CF-A3MF-01Z-00-DX1.91768C26-5BB1-4DE6-9737-AA26BD687A75,-0.1001794033642549,-1.1182892637999862,-4.714811048196193,-1.3837865877367932,-0.9791574609911292,-0.2581931208293358,-0.7856349709281993,-2.213350123574393
TCGA-CK-4947-01Z-00-DX1.b257d5fd-b97b-4987-b088-77f044ca7fe2,-1.4637893085352205,-2.4894366255785814,-1.488620747564132,-1.8827190555542257,-2.373991481503458,-1.294488129358024,-2.5416648415305176,-1.217497273638768
TCGA-CM-6168-01Z-00-DX1.96af6eb2-9d51-4671-baf8-1a73d0c66869,-0.9341258158748962,-1.296196733389266,-1.5196991214590896,-0.9801551271002664,-1.7932625610505215,-0.6362841842229429,-1.8315322095885795,-1.0266945645222514
TCGA-CM-6169-01Z-00-DX1.0381c243-02b8-4f1d-840c-19ef44d4b92c,-1.044300105675169,-1.4537307425090469,-2.1421122777075685,-1.3197619163409804,-1.9396840355639005,-0.9174852508567152,-1.9610425916949523,-0.9312686173270142
TCGA-CN-A6V7-01A-01-TS1.F54912D3-1E21-4605-ACFC-142973524AE2,2.197138322074076,3.4050292128435387,2.8119634457314104,2.703146192378036,2.163129343115512,3.588138166454004,4.394114504781507,2.677500910137219
TCGA-CU-A0YN-01Z-00-DX1.6C5EAAAF-8F14-49D3-8FFC-9BDAE56CAFD0,0.5140036946146341,0.4185710621284988,-3.787684677846612,-0.9686935588434402,0.2927574165327018,-0.1540396540148805,-0.5943672112768394,-1.5552922854580715
TCGA-CV-6935-01Z-00-DX1.9C449CB2-FB6D-41D1-A4A6-3069DC84A697,-0.1956058070208244,-0.2759223848113853,-2.108145330982066,-0.0899660940797331,-0.5876785748328527,-0.3254078209783513,-0.2818609707840571,-0.4244911187757822
TCGA-CV-A45O-01Z-00-DX1.8CBD0CCC-C815-475D-87F9-76272F4F715B,-0.1913793362828703,-0.22510427610586,-2.1291316406477154,-0.1133938292429656,-0.3457158751490649,-0.3863376295828998,-0.3063946718181545,-0.2050811472967358
TCGA-CV-A6JE-01Z-00-DX1.20137D17-19B3-49FF-9C3D-60933157E409,-0.1467036586436631,-0.2991993760760383,-1.643732063422313,-0.1486851635314827,-0.5807518466320544,-1.0736031143780311,-0.4579844439285755,-1.3019923128233932
TCGA-CV-A6JU-01Z-00-DX1.35A3A1F0-9D6C-4794-B501-E56E48C51DF9,0.0773406602441833,-0.3550441122726759,-1.3951693195529815,-0.0566454005382318,-0.376114346736334,-0.5486896551933399,-0.4200962835149279,-0.2671486808949671
TCGA-D8-A1X8-01Z-00-DX1.DDA3866E-C7CC-4650-BE2B-5C9A98A2D531,-2.2546908248866746,-2.0975003279331075,-1.528902588825527,-0.90845424881248,-1.3138874865039687,-0.4620988500382648,-2.6758055629724526,-2.4930786137315555
TCGA-DK-A6AW-01Z-00-DX1.C2453A8C-8282-443C-9E76-5B6CAD2FE69B,-0.5713170375143561,-1.5802854204482597,-4.274068932533485,-1.8522706390301695,-0.9867997724218528,0.124807961500352,-1.3009767197750153,-1.8178118510577508
TCGA-DK-AA6L-01A-01-TSA.5794F0C6-9ED6-489A-9621-18CCC5935548,-1.7861443915365132,-0.4543408424051063,-1.6804049947214597,-0.3566842197911983,0.1651775680404192,-0.5650717602832285,1.6849468680107749,-2.1044908912924014
TCGA-DK-AA77-01A-01-TSA.26CAF5CB-CC4F-4522-BD2B-343FB70205FE,-2.267293044005229,-1.783206335808383,-5.049098411388536,0.588797918089558,-0.271261241210777,0.7099332807530623,-1.4500123746268825,-1.6112715571257892
TCGA-E2-A14P-01Z-00-DX1.663B02FF-C64B-41A6-8685-FD61CD76F9C6,-2.346502523739296,-1.6061815210751835,-2.682422280766373,-0.5489537092885224,-1.1090364728656243,-0.2858317252815435,-1.8781496148827712,-2.799407644831496
TCGA-E2-A1LA-01Z-00-DX1.AE49E943-B830-4ED9-B09E-E499441BC2EC,-2.677398355124312,-1.487095722319971,-1.7644263518945162,-0.7588620919693306,-1.2499890135750191,-0.5406469239484569,-1.8563113979425343,-2.21238390595592
TCGA-EY-A1GQ-01Z-00-DX1.03D52C6F-515E-4A4F-A08E-31D773BCC67F,-1.5693604973854407,-2.5057980222696954,-5.135127011179523,-1.0524583787250876,-1.3221437272054064,-1.062876990588347,-1.951401443053572,-1.6577030177127423
TCGA-FD-A6TK-01Z-00-DX1.B685DA87-72A6-4C38-8AA1-40B6E543383C,-0.9471335346924036,-1.366998340763862,-4.167882558516211,-1.4662212482939287,-1.2766322655290805,-0.2146362005352455,-1.4813697972152504,-1.7366939435374469
TCGA-FI-A2EX-01Z-00-DX1.127F5153-745D-43E6-83CA-DE2738702C62,-1.1296164073894233,-1.7185298646132998,-2.6905241950342,-0.1060707744299445,-0.0476774720775378,-0.2551096594751277,-0.835300352448272,-1.3647246468197904
TCGA-FP-8209-01Z-00-DX1.a5e13081-1631-44d4-8d6a-c229a22c2311,-0.6792417626994763,0.0729321799079503,-3.866359748778569,-0.6090010943371293,-0.1323683318759088,-0.0781617698973026,-2.2768572463496586,-5.110320119318194
TCGA-G4-6309-01Z-00-DX1.3eb20fdc-eb86-4bd5-8194-76b02d4fa472,-1.3149997312583424,-1.6075029665974938,-1.2479637953672875,-1.8254010926895825,-1.7752702570562129,-0.5563889547220984,-2.112975482899675,-0.811226124096867
TCGA-G4-6310-01Z-00-DX1.b88472d4-3adc-4e4d-b0f2-0dc195a3d7df,-1.5018973643305258,-1.7708249866228958,-1.5880345654535697,-1.4083462676754075,-2.1528842555758416,-1.3197796486460578,-1.9069652916619095,-1.010764926844805
TCGA-G4-6588-01Z-00-DX1.0747172e-f630-4b7c-9341-55078585ae00,-1.3819899936084472,-1.6989762944541773,-1.3927092118765652,-1.4164038099025134,-1.7214588258576602,-0.5130952785071242,-2.039175147141807,-0.8693810240318071
TCGA-GM-A3XN-01Z-00-DX1.49F5C8AC-0328-4BC2-9FE2-E7150B7A42E2,-2.187816390930215,-1.0952157804028675,-1.9226723505296377,-0.2210848533342669,-0.8794251542603606,-0.4755533683881842,-1.814325528783384,-3.176413812162355
TCGA-GU-AATP-01Z-00-DX1.0D8EC37C-88E7-49D5-A76D-F0A4A3FD8AE4,-1.4469477741760068,-1.5812748095621263,-3.908160817500525,-0.8552997572940699,-1.3023574362374783,-0.1510619243102236,-0.9921624364518594,-1.4732385709091622
TCGA-J2-A4AE-01Z-00-DX1.42C5DE4A-7787-4E59-8969-D12503262C96,-2.0594617687233643,-1.9640586321992763,-2.2319363428157053,-0.3035668916767756,-0.0696490402721337,-0.0988823475714334,-1.6298770690479345,-3.0670894114618608
TCGA-SW-A7EA-01Z-00-DX1.C5E1BE0E-0A25-4480-A3AC-DB2ED7471A4E,-0.7188037964127912,-2.4314271002280283,-4.945670896012725,-1.039248390033828,-1.3716758743272954,-0.1011777507426533,-3.555394328100054,-3.932194153826744
TCGA-UF-A719-01Z-00-DX1.4C4ECC2C-C390-4C5E-A709-CF08C113F1A1,0.6314729378370244,0.5776395223813131,-1.0852628425590485,-0.1301300801250713,-0.2557321479140206,-1.0356154802526745,1.3945694948235117,1.0473407234825147
TCGA-VQ-A8PY-01Z-00-DX1.EA2C7386-012A-442A-95B3-FFA12BD2684D,-0.995468829300299,-0.6825553259539864,-4.443439291872362,-1.238473788525106,-0.3138766881298598,-0.225791474387109,-1.9872924295419216,-3.6352157843932127
TCGA-VQ-A924-01Z-00-DX1.736B41F3-9678-4FAF-AE86-FCAC4F6DCBD3,0.0339797552730084,-1.573834115628394,-6.351319976367302,-1.3160834810923283,-1.1072524532823358,-0.6044646757884903,-3.2506289527119945,-5.088753294700089
TCGA-XF-A8HB-01Z-00-DX1.D6874152-D20A-4CA4-8E8B-8CBAB5F7D7B5,-1.9645001644934812,-1.3121532968483531,-3.3034402178619846,-1.2640057613320037,-1.0637553218949487,-0.1463943243470257,-0.6974681717280514,-1.296710512362201
TCGA-ZF-A9R1-01Z-00-DX1.74520759-D448-45B5-B8AD-45502C99A519,-1.5913059329975785,-1.8132204705304005,-3.328995420330453,-1.4625943174824356,-1.3499769961298178,-0.2840551472414002,-0.9900877449393995,-2.0941311133945777
TCGA-ZF-AA51-01Z-00-DX1.128C9731-C206-4E71-9A64-864FA9FD7E96,-1.630796557994178,-1.9291858835639484,-3.692519798962729,-1.3775611658837792,-0.9191089414022654,-0.0140631063125073,-1.4305742753579047,-1.637730457894716
TCGA-ZQ-A9CR-01Z-00-DX1.C9AC9991-7054-4068-A7AA-9D1EB7F040A3,-1.622904858665756,-1.6542864036890266,-7.0465174315191526,-1.5834487483882749,-1.3081272649235387,-0.3439300215709635,-2.950899993772736,-4.919779989758832
