setting,query_budget,top_k,model,model_display,mean_score,sd_score,median_score,n_case_pairs,rank
Q100_K1,100,1,gigapath,GigaPath,0.3876872295470025,0.13258313046855127,0.39913710951805115,213,6.0
Q100_K1,100,1,gigapath_flash,GigaPath-Flash,0.5478487141745191,0.09155159683856955,0.5565789341926575,213,2.0
Q100_K1,100,1,midnight,Midnight,0.3691541958302959,0.08605517659770058,0.35960663855075836,213,7.0
Q100_K1,100,1,phikon,Phikon,0.5089288984945682,0.16373917376203403,0.5216403156518936,213,4.0
Q100_K1,100,1,uni,UNI,0.34671589141020753,0.10914250535139455,0.3585459738969803,213,8.0
Q100_K1,100,1,uni2,UNI2,0.40367917023913963,0.14675833544491929,0.4187563359737396,213,5.0
Q100_K1,100,1,virchow,Virchow,0.5383718358833744,0.18346999641092934,0.5740483701229095,213,3.0
Q100_K1,100,1,virchow2,Virchow2,0.6526719781574509,0.09475508508301708,0.6904556155204773,213,1.0
Q100_K10,100,10,gigapath,GigaPath,0.36084282550383623,0.13802972729271412,0.37324339151382446,213,6.0
Q100_K10,100,10,gigapath_flash,GigaPath-Flash,0.521093424357159,0.09605793894058903,0.5341617316007614,213,2.0
Q100_K10,100,10,midnight,Midnight,0.35609662893092686,0.08403432342535798,0.3464740216732025,213,7.0
Q100_K10,100,10,phikon,Phikon,0.486782802723593,0.1682027024257966,0.49510686099529266,213,4.0
Q100_K10,100,10,uni,UNI,0.32277209992070155,0.10843273680217459,0.3305963724851608,213,8.0
Q100_K10,100,10,uni2,UNI2,0.38565611874273686,0.145788477406196,0.39503321051597595,213,5.0
Q100_K10,100,10,virchow,Virchow,0.5109012876353074,0.18820766919478013,0.5441455543041229,213,3.0
Q100_K10,100,10,virchow2,Virchow2,0.6359777765374788,0.09437219485891551,0.6719972193241119,213,1.0
Q100_K5,100,5,gigapath,GigaPath,0.3707232584066234,0.1361767179885782,0.38293109834194183,213,6.0
Q100_K5,100,5,gigapath_flash,GigaPath-Flash,0.530915835478776,0.09458852653500778,0.5434099733829498,213,2.0
Q100_K5,100,5,midnight,Midnight,0.3609485324699554,0.08480371923074705,0.3508172333240509,213,7.0
Q100_K5,100,5,phikon,Phikon,0.4951124814002307,0.16657116032305905,0.5067657679319382,213,4.0
Q100_K5,100,5,uni,UNI,0.33140022809586617,0.10879327754442626,0.33957837522029877,213,8.0
Q100_K5,100,5,uni2,UNI2,0.39236213359544536,0.1462431195713867,0.4039912521839142,213,5.0
Q100_K5,100,5,virchow,Virchow,0.5212734713275947,0.18655286962166703,0.5546680241823196,213,3.0
Q100_K5,100,5,virchow2,Virchow2,0.6423776791269231,0.0945213827793889,0.6785578429698944,213,1.0
Q200_K1,200,1,gigapath,GigaPath,0.3874871507636818,0.13248622973067622,0.40142451226711273,213,6.0
Q200_K1,200,1,gigapath_flash,GigaPath-Flash,0.5471647270898304,0.0916199403643456,0.5512029826641083,213,2.0
Q200_K1,200,1,midnight,Midnight,0.36838759537873694,0.08642401374112935,0.36001379787921906,213,7.0
Q200_K1,200,1,phikon,Phikon,0.5085024828432312,0.16373833898388676,0.5179358571767807,213,4.0
Q200_K1,200,1,uni,UNI,0.3463860128966855,0.1094378389474682,0.36061806976795197,213,8.0
Q200_K1,200,1,uni2,UNI2,0.40356190799967223,0.1466203217105037,0.42063605785369873,213,5.0
Q200_K1,200,1,virchow,Virchow,0.537402337810523,0.18380422146365447,0.5662598311901093,213,3.0
Q200_K1,200,1,virchow2,Virchow2,0.6528148352400238,0.09437518189781093,0.6896786689758301,213,1.0
Q200_K10,200,10,gigapath,GigaPath,0.3605935583721864,0.137760858027984,0.37249594926834106,213,6.0
Q200_K10,200,10,gigapath_flash,GigaPath-Flash,0.5203743731611771,0.09619464021362643,0.5281999260187149,213,2.0
Q200_K10,200,10,midnight,Midnight,0.35533111895753744,0.0846003281426924,0.34732840955257416,213,7.0
Q200_K10,200,10,phikon,Phikon,0.48628180111133157,0.16822951135155814,0.49091601371765137,213,4.0
Q200_K10,200,10,uni,UNI,0.3224517503849497,0.10862524331570618,0.3295200765132904,213,8.0
Q200_K10,200,10,uni2,UNI2,0.3855720576720898,0.14558170803286075,0.4000082165002823,213,5.0
Q200_K10,200,10,virchow,Virchow,0.5102668450576878,0.1883993169585169,0.5421112924814224,213,3.0
Q200_K10,200,10,virchow2,Virchow2,0.6362340208230444,0.09403960411216453,0.6719909608364105,213,1.0
Q200_K5,200,5,gigapath,GigaPath,0.3704827798644142,0.13595625104743245,0.3822548985481262,213,6.0
Q200_K5,200,5,gigapath_flash,GigaPath-Flash,0.5301806340125245,0.09472841002775645,0.5360125750303268,213,2.0
Q200_K5,200,5,midnight,Midnight,0.3601952502984956,0.08530163967257175,0.35165734589099884,213,7.0
Q200_K5,200,5,phikon,Phikon,0.49463860790284586,0.16657088438247106,0.5051740854978561,213,4.0
Q200_K5,200,5,uni,UNI,0.331074266069232,0.10900140579511054,0.34023517370224,213,8.0
Q200_K5,200,5,uni2,UNI2,0.39225644455619263,0.14605020173591265,0.4082186073064804,213,5.0
Q200_K5,200,5,virchow,Virchow,0.5205526298410456,0.1867745156155289,0.555919736623764,213,3.0
Q200_K5,200,5,virchow2,Virchow2,0.6426042894802183,0.09420225384866711,0.678872287273407,213,1.0
