setting,sample_budget,k_neighbors,model,model_display,mean_score,sd_score,median_score,n_case_pairs,rank
N1000_k10,1000,10,gigapath,GigaPath,0.18519813488696663,0.07311736390131779,0.17520001530647278,213,5.0
N1000_k10,1000,10,gigapath_flash,GigaPath-Flash,0.17937888498877136,0.07030340912663796,0.17239999771118164,213,7.0
N1000_k10,1000,10,midnight,Midnight,0.17994696041787733,0.0691362770840851,0.17500001192092896,213,6.0
N1000_k10,1000,10,phikon,Phikon,0.2476446171391738,0.07706351538802624,0.24740001559257507,213,1.0
N1000_k10,1000,10,uni,UNI,0.21932348902796356,0.07592694005823403,0.22200001776218414,213,2.0
N1000_k10,1000,10,uni2,UNI2,0.21712442728835094,0.07989433937273886,0.20820000767707825,213,3.0
N1000_k10,1000,10,virchow,Virchow,0.18615212490860844,0.06408941571547726,0.188400000333786,213,4.0
N1000_k10,1000,10,virchow2,Virchow2,0.17848874364450504,0.06736995491105655,0.16550001502037048,213,8.0
N1000_k20,1000,20,gigapath,GigaPath,0.22064344210663872,0.07302211445986957,0.21545001864433289,213,5.0
N1000_k20,1000,20,gigapath_flash,GigaPath-Flash,0.21449719789162489,0.07095082923053497,0.21215000748634338,213,7.0
N1000_k20,1000,20,midnight,Midnight,0.22344062515827412,0.0761915590659751,0.2219500094652176,213,4.0
N1000_k20,1000,20,phikon,Phikon,0.28549908122546236,0.07806904671368546,0.2939999997615814,213,1.0
N1000_k20,1000,20,uni,UNI,0.25731879546188974,0.07818652527497501,0.2644500136375427,213,2.0
N1000_k20,1000,20,uni2,UNI2,0.25638006508630207,0.08086874068425375,0.25839999318122864,213,3.0
N1000_k20,1000,20,virchow,Virchow,0.21856832413326407,0.06992896716326313,0.21950000524520874,213,6.0
N1000_k20,1000,20,virchow2,Virchow2,0.21209085844632045,0.06988728776502733,0.2074500173330307,213,8.0
N1000_k5,1000,5,gigapath,GigaPath,0.16090048064298473,0.07888295573735463,0.13960000872612,213,5.0
N1000_k5,1000,5,gigapath_flash,GigaPath-Flash,0.1561061145973877,0.07603134686404588,0.13900001347064972,213,6.0
N1000_k5,1000,5,midnight,Midnight,0.150765268158325,0.06758406349312573,0.1428000032901764,213,8.0
N1000_k5,1000,5,phikon,Phikon,0.22125823071724932,0.08328375641206075,0.2046000212430954,213,1.0
N1000_k5,1000,5,uni,UNI,0.19258968392168413,0.08082221905834457,0.18200001120567322,213,2.0
N1000_k5,1000,5,uni2,UNI2,0.1899774764170389,0.08615212958298954,0.16900001466274261,213,3.0
N1000_k5,1000,5,virchow,Virchow,0.1651023587325649,0.06519891096531617,0.16100001335144043,213,4.0
N1000_k5,1000,5,virchow2,Virchow2,0.15599531570160893,0.07086674524327022,0.14000000059604645,213,7.0
N500_k10,500,10,gigapath,GigaPath,0.22013710287045424,0.07294555086669337,0.2184000015258789,213,5.0
N500_k10,500,10,gigapath_flash,GigaPath-Flash,0.21295963831140963,0.07090346450348436,0.21320000290870667,213,7.0
N500_k10,500,10,midnight,Midnight,0.22299062397698283,0.07658369938355605,0.2208000123500824,213,4.0
N500_k10,500,10,phikon,Phikon,0.2839896893697166,0.07817890681622773,0.28839999437332153,213,1.0
N500_k10,500,10,uni,UNI,0.25605541359230943,0.07890870081251604,0.26259997487068176,213,2.0
N500_k10,500,10,uni2,UNI2,0.2555014246576269,0.08116051577696158,0.25540000200271606,213,3.0
N500_k10,500,10,virchow,Virchow,0.21818311250125857,0.07008924296803623,0.22179999947547913,213,6.0
N500_k10,500,10,virchow2,Virchow2,0.21114931052699334,0.07047295268336713,0.2054000049829483,213,8.0
N500_k20,500,20,gigapath,GigaPath,0.27212865458267954,0.07732620107725342,0.2797999978065491,213,5.0
N500_k20,500,20,gigapath_flash,GigaPath-Flash,0.26592865526816095,0.07622196740058237,0.2746000587940216,213,7.0
N500_k20,500,20,midnight,Midnight,0.2855741954255552,0.08850054694616921,0.2850000262260437,213,4.0
N500_k20,500,20,phikon,Phikon,0.3390943887228137,0.08469373666691163,0.3402000367641449,213,1.0
N500_k20,500,20,uni,UNI,0.31134743859090713,0.08588183491120091,0.319100022315979,213,3.0
N500_k20,500,20,uni2,UNI2,0.31246715462263763,0.08693159953263398,0.3125999867916107,213,2.0
N500_k20,500,20,virchow,Virchow,0.2673464956138056,0.07977719028748423,0.2606000006198883,213,6.0
N500_k20,500,20,virchow2,Virchow2,0.2617817063566665,0.07788972668702039,0.2582000195980072,213,8.0
N500_k5,500,5,gigapath,GigaPath,0.18255588069488185,0.07212276508281343,0.170400008559227,213,5.0
N500_k5,500,5,gigapath_flash,GigaPath-Flash,0.17664414280457116,0.0690668338492357,0.16680000722408295,213,7.0
N500_k5,500,5,midnight,Midnight,0.1785596360063329,0.06945403282472797,0.1720000058412552,213,6.0
N500_k5,500,5,phikon,Phikon,0.24407137856936792,0.07668718361168265,0.248400017619133,213,1.0
N500_k5,500,5,uni,UNI,0.2158967268963655,0.07646519865510464,0.21480001509189606,213,2.0
N500_k5,500,5,uni2,UNI2,0.21378968516146074,0.07974317219209924,0.20320002734661102,213,3.0
N500_k5,500,5,virchow,Virchow,0.18423475426547403,0.06425607058268995,0.18200001120567322,213,4.0
N500_k5,500,5,virchow2,Virchow2,0.17559437866501965,0.06685040395123334,0.1656000167131424,213,8.0
