model,pair_a,pair_b,cka_full,cka_1024,scale_pair,model_display,delta,abs_delta
gigapath,10x,2p5x,0.6346967535119661,0.6371126158136717,10×↔2.5×,GigaPath,0.0024158623017056513,0.0024158623017056513
gigapath,40x,10x,0.6714488557526763,0.6781557546535009,40×↔10×,GigaPath,0.006706898900824543,0.006706898900824543
gigapath,40x,2p5x,0.4591121751237923,0.4662834368121456,40×↔2.5×,GigaPath,0.007171261688353303,0.007171261688353303
gigapath_flash,10x,2p5x,0.6294910122810955,0.6322746045992408,10×↔2.5×,GigaPath-Flash,0.0027835923181452893,0.0027835923181452893
gigapath_flash,40x,10x,0.689974308853418,0.6931187321602459,40×↔10×,GigaPath-Flash,0.003144423306827848,0.003144423306827848
gigapath_flash,40x,2p5x,0.4495803170220953,0.4539871864335638,40×↔2.5×,GigaPath-Flash,0.004406869411468506,0.004406869411468506
midnight,10x,2p5x,0.7534005201198686,0.7539857991144691,10×↔2.5×,Midnight,0.0005852789946004799,0.0005852789946004799
midnight,40x,10x,0.7478900749078938,0.7488694342089371,40×↔10×,Midnight,0.0009793593010433144,0.0009793593010433144
midnight,40x,2p5x,0.5685225747210879,0.570528978613061,40×↔2.5×,Midnight,0.002006403891973041,0.002006403891973041
phikon,10x,2p5x,0.7210359069663035,0.7213834091811113,10×↔2.5×,Phikon,0.0003475022148078377,0.0003475022148078377
phikon,40x,10x,0.8141743897552222,0.8181552198571218,40×↔10×,Phikon,0.003980830101899646,0.003980830101899646
phikon,40x,2p5x,0.6054063141345978,0.60848505186363,40×↔2.5×,Phikon,0.0030787377290322215,0.0030787377290322215
uni,10x,2p5x,0.6762502785299865,0.6812933872283344,10×↔2.5×,UNI,0.005043108698347898,0.005043108698347898
uni,40x,10x,0.7555390315156587,0.7628857980311756,40×↔10×,UNI,0.0073467665155169115,0.0073467665155169115
uni,40x,2p5x,0.5317627604998333,0.5411543613168556,40×↔2.5×,UNI,0.009391600817022283,0.009391600817022283
uni2,10x,2p5x,0.7409598088600267,0.7439248788524682,10×↔2.5×,UNI2,0.0029650699924415047,0.0029650699924415047
uni2,40x,10x,0.7407809907281903,0.7437543440872515,40×↔10×,UNI2,0.002973353359061237,0.002973353359061237
uni2,40x,2p5x,0.5750295427483572,0.5792910555298899,40×↔2.5×,UNI2,0.00426151278153275,0.00426151278153275
virchow,10x,2p5x,0.5495684778606388,0.5534473439337502,10×↔2.5×,Virchow,0.0038788660731113866,0.0038788660731113866
virchow,40x,10x,0.6781063243536882,0.6801735817546576,40×↔10×,Virchow,0.002067257400969358,0.002067257400969358
virchow,40x,2p5x,0.4492031541508688,0.4539428502321243,40×↔2.5×,Virchow,0.004739696081255462,0.004739696081255462
virchow2,10x,2p5x,0.4909494638862744,0.4939543543986871,10×↔2.5×,Virchow2,0.0030048905124127057,0.0030048905124127057
virchow2,40x,10x,0.4515239741180984,0.4560510679869584,40×↔10×,Virchow2,0.004527093868859966,0.004527093868859966
virchow2,40x,2p5x,0.3016159320381326,0.3051576353084873,40×↔2.5×,Virchow2,0.0035417032703546902,0.0035417032703546902
