model,pair_a,pair_b,scale_pair,mean_cka,sd_cka,n,model_display
gigapath,10x,2p5x,10×↔2.5×,0.6346967535119661,0.11987701232708038,71,GigaPath
gigapath,40x,10x,40×↔10×,0.6714488557526763,0.09613120783649635,71,GigaPath
gigapath,40x,2p5x,40×↔2.5×,0.4591121751237923,0.14456527366466035,71,GigaPath
gigapath_flash,10x,2p5x,10×↔2.5×,0.6294910122810955,0.11821180480056233,71,GigaPath-Flash
gigapath_flash,40x,10x,40×↔10×,0.689974308853418,0.1052701147674201,71,GigaPath-Flash
gigapath_flash,40x,2p5x,40×↔2.5×,0.4495803170220953,0.14525540706656973,71,GigaPath-Flash
midnight,10x,2p5x,10×↔2.5×,0.7534005201198686,0.1867713827718807,71,Midnight
midnight,40x,10x,40×↔10×,0.7478900749078938,0.14403627136953356,71,Midnight
midnight,40x,2p5x,40×↔2.5×,0.5685225747210879,0.21082840494420613,71,Midnight
phikon,10x,2p5x,10×↔2.5×,0.7210359069663035,0.11084297697555613,71,Phikon
phikon,40x,10x,40×↔10×,0.8141743897552222,0.10942642311038425,71,Phikon
phikon,40x,2p5x,40×↔2.5×,0.6054063141345978,0.1594149484125428,71,Phikon
uni,10x,2p5x,10×↔2.5×,0.6762502785299865,0.11776293666884917,71,UNI
uni,40x,10x,40×↔10×,0.7555390315156587,0.09315624017078682,71,UNI
uni,40x,2p5x,40×↔2.5×,0.5317627604998333,0.15330440733487077,71,UNI
uni2,10x,2p5x,10×↔2.5×,0.7409598088600267,0.12938045602876644,71,UNI2
uni2,40x,10x,40×↔10×,0.7407809907281903,0.11236456527035554,71,UNI2
uni2,40x,2p5x,40×↔2.5×,0.5750295427483572,0.1667743195827113,71,UNI2
virchow,10x,2p5x,10×↔2.5×,0.5495684778606388,0.13981438213089797,71,Virchow
virchow,40x,10x,40×↔10×,0.6781063243536882,0.14817379188167942,71,Virchow
virchow,40x,2p5x,40×↔2.5×,0.4492031541508688,0.1703631942958912,71,Virchow
virchow2,10x,2p5x,10×↔2.5×,0.4909494638862744,0.1484804947599143,71,Virchow2
virchow2,40x,10x,40×↔10×,0.4515239741180984,0.11722808775681805,71,Virchow2
virchow2,40x,2p5x,40×↔2.5×,0.3016159320381326,0.13193887514154506,71,Virchow2
