model,scale_pair,mean_retrieval,sd_retrieval,n_cases,model_display
gigapath,10×↔2.5×,0.5009762318411344,0.07270327775629008,71,GigaPath
gigapath,40×↔10×,0.39210610542918595,0.06792711636597451,71,GigaPath
gigapath,40×↔2.5×,0.21836600442167736,0.06974548905746078,71,GigaPath
gigapath_flash,10×↔2.5×,0.5869882427890536,0.06665210084916555,71,GigaPath-Flash
gigapath_flash,40×↔10×,0.5618627044096799,0.07445697439982928,71,GigaPath-Flash
gigapath_flash,40×↔2.5×,0.44169095294996047,0.07040504210579301,71,GigaPath-Flash
midnight,10×↔2.5×,0.43267746500565973,0.06355100564603162,71,Midnight
midnight,40×↔10×,0.3545835348711887,0.06533177822957825,71,Midnight
midnight,40×↔2.5×,0.29332475017913623,0.06191788285912727,71,Midnight
phikon,10×↔2.5×,0.5265772402496405,0.08255331526714453,71,Phikon
phikon,40×↔10×,0.6513942354161975,0.07914093291956009,71,Phikon
phikon,40×↔2.5×,0.30594434520938024,0.09423267311428501,71,Phikon
uni,10×↔2.5×,0.36212344152826653,0.07323133353981243,71,UNI
uni,40×↔10×,0.4157362941285254,0.0625271149757815,71,UNI
uni,40×↔2.5×,0.21536306328546828,0.0698762092508928,71,UNI
uni2,10×↔2.5×,0.5338626285673866,0.06425897369158501,71,UNI2
uni2,40×↔10×,0.4150929126731107,0.08852033894447157,71,UNI2
uni2,40×↔2.5×,0.22781379211326716,0.06588586725696506,71,UNI2
virchow,10×↔2.5×,0.468086774080572,0.129171215708664,71,Virchow
virchow,40×↔10×,0.7134223727273269,0.0927040441479275,71,Virchow
virchow,40×↔2.5×,0.38014874187573583,0.14090640315222597,71,Virchow
virchow2,10×↔2.5×,0.6873117792354503,0.05166666846432089,71,Virchow2
virchow2,40×↔10×,0.7136396593611005,0.035845355541367356,71,Virchow2
virchow2,40×↔2.5×,0.5268614273255979,0.046778132578553094,71,Virchow2
