model,model_display,k,recall
midnight,Midnight,1,0.8451
midnight,Midnight,5,0.9577
midnight,Midnight,10,0.9718
uni2,UNI2,1,0.8028
uni2,UNI2,5,0.9859
uni2,UNI2,10,1.0
virchow2,Virchow2,1,0.7606
virchow2,Virchow2,5,0.9718
virchow2,Virchow2,10,0.9859
phikon,Phikon,1,0.7042
phikon,Phikon,5,0.9155
phikon,Phikon,10,0.9718
gigapath,GigaPath,1,0.6901
gigapath,GigaPath,5,0.9296
gigapath,GigaPath,10,0.9577
gigapath_flash,GigaPath-Flash,1,0.6479
gigapath_flash,GigaPath-Flash,5,0.9296
gigapath_flash,GigaPath-Flash,10,0.9577
uni,UNI,1,0.6197
uni,UNI,5,0.9437
uni,UNI,10,0.9437
virchow,Virchow,1,0.6056
virchow,Virchow,5,0.8873
virchow,Virchow,10,0.9577
