model,scale_pair,mean_nps
gigapath,10×↔2.5×,0.26015494637925857
gigapath,40×↔10×,0.18165353486235708
gigapath,40×↔2.5×,0.1137859234192841
gigapath_flash,10×↔2.5×,0.24923522665467054
gigapath_flash,40×↔10×,0.17949860291162004
gigapath_flash,40×↔2.5×,0.10940282540002336
midnight,10×↔2.5×,0.24159719815976177
midnight,40×↔10×,0.185128182697464
midnight,40×↔2.5×,0.1131155003964061
phikon,10×↔2.5×,0.3112042445532033
phikon,40×↔10×,0.2593141013467815
phikon,40×↔2.5×,0.17241550551753643
uni,10×↔2.5×,0.27877748411306186
uni,40×↔10×,0.23802114120671441
uni,40×↔2.5×,0.14117184176411424
uni2,10×↔2.5×,0.2948676242794789
uni2,40×↔10×,0.21329578946174027
uni2,40×↔2.5×,0.14320986812383352
virchow,10×↔2.5×,0.22249015441662826
virchow,40×↔10×,0.209681705270015
virchow,40×↔2.5×,0.126284515039182
virchow2,10×↔2.5×,0.2462211412862992
virchow2,40×↔10×,0.17176620872087878
virchow2,40×↔2.5×,0.11747888092633699
