model_a,model_b,wilcoxon_stat,raw_p,mean_a,mean_b,mean_difference_a_minus_b,holm_p,significant_holm_0_05
Midnight,Virchow2,772.0,0.0037400051761984645,-0.31882719999465403,-0.5797450777105327,0.2609178777158787,0.022440031057190786,True
Midnight,UNI2,800.0,0.006165233372048668,-0.31882719999465403,-0.5928954127228069,0.27406821272815285,0.03082616686024334,True
Midnight,Phikon,277.0,9.71874224592302e-09,-0.31882719999465403,-1.211903157960914,0.89307595796626,1.7493736042661435e-07,True
Midnight,UNI,239.0,2.6278984982532956e-09,-0.31882719999465403,-1.2275089296061454,0.9086817296114914,5.255796996506591e-08,True
Midnight,GigaPath,343.0,8.44296986725348e-08,-0.31882719999465403,-1.28846027085996,0.9696330708653059,1.3508751787605568e-06,True
Midnight,GigaPath-Flash,147.0,9.145289076786223e-11,-0.31882719999465403,-2.0235385421187027,1.7047113421240487,2.1034164876608313e-09,True
Midnight,Virchow,5.0,3.0070444336810076e-13,-0.31882719999465403,-2.945937805727659,2.627110605733005,8.419724414306821e-12,True
Virchow2,UNI2,1236.0,0.8098239874226024,-0.5797450777105327,-0.5928954127228069,0.01315033501227414,1.0,False
Virchow2,Phikon,467.0,3.3696552499392963e-06,-0.5797450777105327,-1.211903157960914,0.6321580802503813,3.369655249939296e-05,True
Virchow2,UNI,312.0,3.111903196170134e-08,-0.5797450777105327,-1.2275089296061454,0.6477638518956127,5.290235433489227e-07,True
Virchow2,GigaPath,402.0,5.185033688586858e-07,-0.5797450777105327,-1.28846027085996,0.7087151931494272,6.740543795162916e-06,True
Virchow2,GigaPath-Flash,183.0,3.5150374016991333e-10,-0.5797450777105327,-2.0235385421187027,1.44379346440817,7.38157854356818e-09,True
Virchow2,Virchow,15.0,4.594535161156598e-13,-0.5797450777105327,-2.945937805727659,2.3661927280171264,1.2405244935122815e-11,True
UNI2,Phikon,505.0,9.45994616915865e-06,-0.5928954127228069,-1.211903157960914,0.6190077452381072,7.56795693532692e-05,True
UNI2,UNI,402.0,5.185033688586858e-07,-0.5928954127228069,-1.2275089296061454,0.6346135168833386,6.740543795162916e-06,True
UNI2,GigaPath,429.0,1.1467075369688987e-06,-0.5928954127228069,-1.28846027085996,0.6955648581371531,1.2613782906657885e-05,True
UNI2,GigaPath-Flash,241.0,2.8184084708916407e-09,-0.5928954127228069,-2.0235385421187027,1.4306431293958957,5.3549760946941174e-08,True
UNI2,Virchow,53.0,2.2338359378930693e-12,-0.5928954127228069,-2.945937805727659,2.353042393004852,5.8079734385219804e-11,True
Phikon,UNI,1235.0,0.8053858103286682,-1.211903157960914,-1.2275089296061454,0.015605771645231359,1.0,False
Phikon,GigaPath,1185.0,0.5941202968326382,-1.211903157960914,-1.28846027085996,0.07655711289904588,1.0,False
Phikon,GigaPath-Flash,507.0,9.975516599849919e-06,-1.211903157960914,-2.0235385421187027,0.8116353841577886,7.56795693532692e-05,True
Phikon,Virchow,168.0,2.0159910416953926e-10,-1.211903157960914,-2.945937805727659,1.734034647766745,4.435180291729864e-09,True
UNI,GigaPath,1173.0,0.5474186151223148,-1.2275089296061454,-1.28846027085996,0.06095134125381452,1.0,False
UNI,GigaPath-Flash,498.0,7.84862879635843e-06,-1.2275089296061454,-2.0235385421187027,0.7960296125125572,7.063765916722587e-05,True
UNI,Virchow,89.0,9.573393721896763e-12,-1.2275089296061454,-2.945937805727659,1.7184288761215136,2.393348430474191e-10,True
GigaPath,GigaPath-Flash,393.0,3.959289737422693e-07,-1.28846027085996,-2.0235385421187027,0.7350782712587427,5.543005632391771e-06,True
GigaPath,Virchow,137.0,6.245424996373616e-11,-1.28846027085996,-2.945937805727659,1.657477534867699,1.4989019991296677e-09,True
GigaPath-Flash,Virchow,363.0,1.5815812285161486e-07,-2.0235385421187027,-2.945937805727659,0.9223992636089564,2.372371842774223e-06,True
