model_a,model_b,wilcoxon_stat,raw_p,mean_mgg_a,mean_mgg_b,mean_difference_a_minus_b,holm_p,significant_holm_0_05
Midnight,Virchow2,1.0,0.0625,0.08151666666666667,0.18125,-0.09973333333333333,1.0,False
Midnight,UNI2,0.0,0.03125,0.08151666666666667,0.22391666666666668,-0.14240000000000003,0.875,False
Midnight,Phikon,0.0,0.03125,0.08151666666666667,0.36434999999999995,-0.28283333333333327,0.875,False
Midnight,UNI,0.0,0.03125,0.08151666666666667,0.3792499999999999,-0.29773333333333324,0.875,False
Midnight,GigaPath,0.0,0.03125,0.08151666666666667,0.35634999999999994,-0.27483333333333326,0.875,False
Midnight,GigaPath-Flash,0.0,0.03125,0.08151666666666667,0.3945,-0.31298333333333334,0.875,False
Midnight,Virchow,0.0,0.03125,0.08151666666666667,0.4320833333333334,-0.3505666666666667,0.875,False
Virchow2,UNI2,3.0,0.15625,0.18125,0.22391666666666668,-0.042666666666666686,1.0,False
Virchow2,Phikon,0.0,0.03125,0.18125,0.36434999999999995,-0.18309999999999996,0.875,False
Virchow2,UNI,2.0,0.09375,0.18125,0.3792499999999999,-0.19799999999999993,1.0,False
Virchow2,GigaPath,0.0,0.03125,0.18125,0.35634999999999994,-0.17509999999999995,0.875,False
Virchow2,GigaPath-Flash,0.0,0.03125,0.18125,0.3945,-0.21325000000000002,0.875,False
Virchow2,Virchow,0.0,0.03125,0.18125,0.4320833333333334,-0.25083333333333335,0.875,False
UNI2,Phikon,8.0,0.6875,0.22391666666666668,0.36434999999999995,-0.14043333333333327,1.0,False
UNI2,UNI,6.0,0.4375,0.22391666666666668,0.3792499999999999,-0.15533333333333324,1.0,False
UNI2,GigaPath,4.0,0.21875,0.22391666666666668,0.35634999999999994,-0.13243333333333326,1.0,False
UNI2,GigaPath-Flash,2.0,0.09375,0.22391666666666668,0.3945,-0.17058333333333334,1.0,False
UNI2,Virchow,2.0,0.09375,0.22391666666666668,0.4320833333333334,-0.2081666666666667,1.0,False
Phikon,UNI,9.0,0.84375,0.36434999999999995,0.3792499999999999,-0.014899999999999969,1.0,False
Phikon,GigaPath,10.0,1.0,0.36434999999999995,0.35634999999999994,0.008000000000000007,1.0,False
Phikon,GigaPath-Flash,9.0,0.84375,0.36434999999999995,0.3945,-0.030150000000000066,1.0,False
Phikon,Virchow,1.0,0.0625,0.36434999999999995,0.4320833333333334,-0.06773333333333342,1.0,False
UNI,GigaPath,7.0,0.5625,0.3792499999999999,0.35634999999999994,0.022899999999999976,1.0,False
UNI,GigaPath-Flash,9.0,0.84375,0.3792499999999999,0.3945,-0.015250000000000097,1.0,False
UNI,Virchow,1.0,0.0625,0.3792499999999999,0.4320833333333334,-0.052833333333333454,1.0,False
GigaPath,GigaPath-Flash,2.0,0.09375,0.35634999999999994,0.3945,-0.03815000000000007,1.0,False
GigaPath,Virchow,3.0,0.15625,0.35634999999999994,0.4320833333333334,-0.07573333333333343,1.0,False
GigaPath-Flash,Virchow,5.0,0.3125,0.3945,0.4320833333333334,-0.03758333333333336,1.0,False
