metric,Virchow,Virchow2,Virchow2_minus_Virchow,mgg_exact_signflip_p,mgg_exact_wilcoxon_p
CKA,0.5589593187883986,0.4146964566808351,-0.14426286210756345,,
Retention,0.7091105494801638,0.6139823885087656,-0.0951281609713982,,
Retrieval,0.5205526295612114,0.6426042886407163,0.12205165907950488,,
Recall@1,0.6056338028169014,0.7605633802816901,0.15492957746478875,,
NPS,0.1861521249086084,0.178488743644505,-0.007663381264103403,,
mean_MGG,0.4320833333333334,0.18125,-0.25083333333333335,0.03125,0.03125
shift_robustness,-2.9459,-0.5797,2.3662,,
mean_within_scale_BA,0.7195999999999999,0.8328333333333333,0.11323333333333341,,
mean_cross_scale_BA,0.28753333333333336,0.6516000000000001,0.3640666666666667,,
